route_id,stop_id,sequence_no
R-GAP-02,S0010,1
R-GAP-02,S0270,2
R-GAP-02,S0119,3
R-GAP-02,S0386,4
R-GAP-02,S0387,5
R-GAP-02,S0388,6
R-GAP-03,S0130,1
R-GAP-03,S0275,2
R-GAP-03,S0427,3
R-GAP-03,S0428,4
R-GAP-03,S0429,5
R-GAP-03,S0389,6
R-GAP-03,S0390,7
R-GAP-04,S0130,1
R-GAP-04,S0221,2
R-GAP-04,S0358,3
R-GAP-04,S0084,4
R-GAP-04,S0391,5
R-GAP-04,S0392,6
R-GAP-05,S0013,1
R-GAP-05,S0198,2
R-GAP-05,S0086,3
R-GAP-05,S0067,4
R-GAP-05,S0076,5
R-GAP-05,S0056,6
R-GAP-05,S0276,7
R-GAP-05,S0023,8
R-GAP-05,S0230,9
R-GAP-05,S0233,10
R-GAP-05,S0225,11
R-GAP-05,S0043,12
R-GAP-05,S0049,13
R-GAP-05,S0073,14
R-GAP-05,S0173,15
R-GAP-05,S0393,16
R-GAP-05,S0394,17
R-GAP-05,S0395,18
R-GAP-06,S0113,1
R-GAP-06,S0212,2
R-GAP-06,S0228,3
R-GAP-06,S0162,4
R-GAP-06,S0396,5
R-GAP-06,S0397,6
R-GAP-06,S0398,7
R-GAP-07,S0130,1
R-GAP-07,S0246,2
R-GAP-07,S0090,3
R-GAP-07,S0211,4
R-GAP-07,S0353,5
R-GAP-07,S0399,6
R-GAP-07,S0400,7
R-GAP-08,S0113,1
R-GAP-08,S0212,2
R-GAP-08,S0228,3
R-GAP-08,S0162,4
R-GAP-08,S0401,5
R-GAP-08,S0402,6
R-GAP-09,S0130,1
R-GAP-09,S0246,2
R-GAP-09,S0090,3
R-GAP-09,S0211,4
R-GAP-09,S0353,5
R-GAP-09,S0403,6
R-GAP-10,S0130,1
R-GAP-10,S0263,2
R-GAP-10,S0271,3
R-GAP-10,S0023,4
R-GAP-10,S0404,5
R-GAP-10,S0405,6
R-GAP-12,S0113,1
R-GAP-12,S0174,2
R-GAP-12,S0169,3
R-GAP-12,S0231,4
R-GAP-12,S0408,5
R-GAP-12,S0409,6
R-GAP-12,S0410,7
R-GAP-13,S0044,1
R-GAP-13,S0238,2
R-GAP-13,S0260,3
R-GAP-13,S0231,4
R-GAP-13,S0268,5
R-GAP-13,S0411,6
R-GAP-13,S0412,7
R-GAP-14,S0065,1
R-GAP-14,S0187,2
R-GAP-14,S0413,3
R-GAP-14,S0414,4
R-GAP-15,S0337,1
R-GAP-15,S0124,2
R-GAP-15,S0444,3
R-GAP-15,S0354,4
R-GAP-15,S0415,5
R-GAP-15,S0416,6
R-GAP-16,S0135,1
R-GAP-16,S0436,2
R-GAP-16,S0125,3
R-GAP-16,S0417,4
R-GAP-16,S0418,5
R-GAP-17,S0135,1
R-GAP-17,S0436,2
R-GAP-17,S0125,3
R-GAP-17,S0344,4
R-GAP-17,S0419,5
R-GAP-17,S0420,6
R-NY-03,S0372,1
R-NY-03,S0159,2
R-NY-03,S0304,3
R-NY-03,S0185,4
R-NY-03,S0056,5
R-NY-03,S0276,6
R-NY-03,S0023,7
R-NY-03,S0304,8
R-NY-03,S0304,9
R-NY-03,S0214,10
R-NY-03,S0103,11
R-NY-03,S0234,12
R-NY-03,S0063,13
R-NY-03,S0185,14
R-NY-03,S0304,15
R-NY-03,S0304,16
R-NY-03,S0107,17
R-NY-03,S0107,18
R-NY-03,S0159,19
R-NY-03,S0372,20
R-NY-04,S0373,1
R-NY-04,S0374,2
R-NY-04,S0375,3
R-NY-04,S0376,4
R-NY-04,S0377,5
R-NY-04,S0378,6
R-NY-04,S0159,7
R-NY-04,S0107,8
R-NY-04,S0196,9
R-NY-04,S0029,10
R-NY-04,S0033,11
R-NY-04,S0127,12
R-NY-04,S0066,13
R-NY-04,S0196,14
R-NY-04,S0031,15
R-NY-04,S0005,16
R-NY-04,S0196,17
R-NY-04,S0196,18
R-NY-04,S0196,19
R-NY-04,S0196,20
R-NY-05,S0383,1
R-NY-05,S0384,2
R-NY-05,S0159,3
R-NY-05,S0107,4
R-NY-05,S0230,5
R-NY-05,S0230,6
R-NY-05,S0056,7
R-NY-05,S0185,8
R-NY-05,S0276,9
R-NY-05,S0023,10
R-NY-05,S0230,11
R-NY-06,S0134,1
R-NY-06,S0030,2
R-NY-06,S0337,3
R-NY-06,S0068,4
R-NY-06,S0123,5
R-NY-06,S0005,6
R-NY-06,S0196,7
R-NY-06,S0209,8
R-NY-06,S0379,9
R-NY-06,S0108,10
R-NY-06,S0220,11
R-NY-06,S0107,12
R-NY-06,S0220,13
R-NY-07,S0134,1
R-NY-07,S0217,2
R-NY-07,S0030,3
R-NY-07,S0102,4
R-NY-07,S0382,5
R-NY-07,S0196,6
R-NY-07,S0209,7
R-NY-07,S0379,8
R-NY-07,S0108,9
R-NY-07,S0017,10
R-NY-07,S0107,11
R-NY-07,S0017,12
R-SAJHA-01,S0112,1
R-SAJHA-01,S0213,2
R-SAJHA-01,S0103,3
R-SAJHA-01,S0234,4
R-SAJHA-01,S0237,5
R-SAJHA-01,S0063,6
R-SAJHA-01,S0056,7
R-SAJHA-01,S0236,8
R-SAJHA-01,S0152,9
R-SAJHA-01,S0087,10
R-SAJHA-01,S0149,11
R-SAJHA-01,S0437,12
R-SAJHA-01,S0082,13
R-SAJHA-01,S0435,14
R-SAJHA-01,S0241,15
R-SAJHA-01,S0124,16
R-SAJHA-01,S0044,17
R-SAJHA-01,S0065,18
R-SAJHA-01,S0187,19
R-SAJHA-01,S0169,20
R-SAJHA-01,S0252,21
R-SAJHA-02,S0112,1
R-SAJHA-02,S0213,2
R-SAJHA-02,S0103,3
R-SAJHA-02,S0234,4
R-SAJHA-02,S0237,5
R-SAJHA-02,S0063,6
R-SAJHA-02,S0056,7
R-SAJHA-02,S0236,8
R-SAJHA-02,S0152,9
R-SAJHA-02,S0087,10
R-SAJHA-02,S0149,11
R-SAJHA-02,S0437,12
R-SAJHA-02,S0082,13
R-SAJHA-02,S0435,14
R-SAJHA-02,S0241,15
R-SAJHA-02,S0124,16
R-SAJHA-02,S0044,17
R-SAJHA-02,S0238,18
R-SAJHA-02,S0260,19
R-SAJHA-02,S0231,20
R-SAJHA-02,S0268,21
R-SAJHA-02,S0255,22
R-SAJHA-02,S0441,23
R-SAJHA-02,S0249,24
R-SAJHA-02,S0038,25
R-SAJHA-02,S0096,26
R-SAJHA-03,S0239,1
R-SAJHA-03,S0267,2
R-SAJHA-03,S0272,3
R-SAJHA-03,S0245,4
R-SAJHA-03,S0253,5
R-SAJHA-03,S0254,6
R-SAJHA-03,S0138,7
R-SAJHA-03,S0011,8
R-SAJHA-03,S0112,9
R-SAJHA-03,S0213,10
R-SAJHA-03,S0103,11
R-SAJHA-03,S0234,12
R-SAJHA-03,S0237,13
R-SAJHA-03,S0063,14
R-SAJHA-03,S0056,15
R-SAJHA-03,S0236,16
R-SAJHA-03,S0013,17
R-SAJHA-04,S0200,1
R-SAJHA-04,S0442,2
R-SAJHA-04,S0273,3
R-SAJHA-04,S0104,4
R-SAJHA-04,S0264,5
R-SAJHA-04,S0274,6
R-SAJHA-04,S0256,7
R-SAJHA-04,S0262,8
R-SAJHA-04,S0257,9
R-SAJHA-04,S0020,10
R-SAJHA-04,S0011,11
R-SAJHA-04,S0112,12
R-SAJHA-04,S0103,13
R-SAJHA-04,S0234,14
R-SAJHA-04,S0237,15
R-SAJHA-04,S0063,16
R-SAJHA-04,S0056,17
R-SAJHA-04,S0236,18
R-SAJHA-04,S0152,19
R-SAJHA-04,S0149,20
R-SAJHA-04,S0087,21
R-SAJHA-04,S0013,22
R-SAJHA-05,S0010,1
R-SAJHA-05,S0270,2
R-SAJHA-05,S0119,3
R-SAJHA-05,S0266,4
R-SAJHA-05,S0192,5
R-SAJHA-05,S0275,6
R-SAJHA-05,S0130,7
R-SAJHA-05,S0263,8
R-SAJHA-05,S0271,9
R-SAJHA-05,S0023,10
R-SAJHA-05,S0276,11
R-SAJHA-05,S0056,12
R-SAJHA-05,S0278,13
R-SAJHA-05,S0013,14
R-SAJHA-05,S0036,15
R-SAJHA-05,S0097,16
R-SAJHA-05,S0033,17
R-SAJHA-05,S0259,18
R-SAJHA-05,S0017,19
R-SAJHA-05,S0139,20
R-SAJHA-05,S0240,21
R-SAJHA-06,S0010,1
R-SAJHA-06,S0270,2
R-SAJHA-06,S0119,3
R-SAJHA-06,S0266,4
R-SAJHA-06,S0192,5
R-SAJHA-06,S0130,6
R-SAJHA-06,S0246,7
R-SAJHA-06,S0090,8
R-SAJHA-06,S0211,9
R-SAJHA-06,S0212,10
R-SAJHA-06,S0113,11
R-SAJHA-06,S0187,12
R-SAJHA-06,S0065,13
R-SAJHA-06,S0044,14
R-SAJHA-06,S0238,15
R-SAJHA-06,S0260,16
R-SAJHA-06,S0231,17
R-SAJHA-06,S0255,18
R-SAJHA-06,S0038,19
R-SAJHA-06,S0096,20
R-SAJHA-07,S0243,1
R-SAJHA-07,S0269,2
R-SAJHA-07,S0279,3
R-SAJHA-07,S0261,4
R-SAJHA-07,S0216,5
R-SAJHA-07,S0244,6
R-SAJHA-07,S0250,7
R-SAJHA-07,S0138,8
R-SAJHA-07,S0248,9
R-SAJHA-07,S0112,10
R-SAJHA-07,S0213,11
R-SAJHA-07,S0103,12
R-SAJHA-07,S0234,13
R-SAJHA-07,S0237,14
R-SAJHA-07,S0063,15
R-SAJHA-07,S0056,16
R-SAJHA-07,S0236,17
R-SAJHA-07,S0152,18
R-SAJHA-08,S0242,1
R-SAJHA-08,S0247,2
R-SAJHA-08,S0258,3
R-SAJHA-08,S0214,4
R-SAJHA-08,S0112,5
R-SAJHA-08,S0103,6
R-SAJHA-08,S0234,7
R-SAJHA-08,S0063,8
R-SAJHA-08,S0185,9
R-SAJHA-08,S0036,10
R-SAJHA-08,S0088,11
R-SAJHA-08,S0236,12
R-SAJHA-08,S0152,13
R2276770,S0198,1
R2276770,S0086,2
R2276770,S0088,3
R2276770,S0036,4
R2276770,S0097,5
R2276770,S0028,6
R2276770,S0099,7
R2276770,S0034,8
R2276770,S0069,9
R2276770,S0062,10
R2276770,S0029,11
R2276770,S0127,12
R2276770,S0017,13
R2276770,S0107,14
R2276770,S0159,15
R2276770,S0022,16
R2276770,S0004,17
R2276770,S0092,18
R2276770,S0203,19
R2276770,S0007,20
R2276770,S0110,21
R2276999,S0003,1
R2276999,S0207,2
R2276999,S0193,3
R2276999,S0152,4
R2276999,S0166,5
R2276999,S0137,6
R2276999,S0042,7
R2276999,S0094,8
R2276999,S0210,9
R2276999,S0083,10
R2276999,S0126,11
R2276999,S0035,12
R2276999,S0222,13
R2276999,S0016,14
R2276999,S0148,15
R2276999,S0027,16
R2276999,S0139,17
R2276999,S0053,18
R2276999,S0107,19
R2277212,S0198,1
R2277212,S0137,2
R2277212,S0094,3
R2277212,S0042,4
R2277212,S0005,5
R2277212,S0035,6
R2277212,S0222,7
R2277212,S0055,8
R2277212,S0016,9
R2277212,S0148,10
R2277212,S0027,11
R2277212,S0139,12
R2277212,S0053,13
R2277212,S0107,14
R2282031,S0076,1
R2282031,S0198,2
R2282031,S0086,3
R2282031,S0385,4
R2282031,S0056,5
R2282031,S0023,6
R2282031,S0230,7
R2282031,S0225,8
R2282031,S0043,9
R2282031,S0049,10
R2282031,S0446,11
R2282031,S0047,12
R2282031,S0221,13
R2282031,S0084,14
R2282031,S0085,15
R2282031,S0041,16
R2282101,S0040,1
R2282101,S0140,2
R2282101,S0125,3
R2282101,S0436,4
R2282101,S0135,5
R2282101,S0026,6
R2282101,S0172,7
R2282101,S0195,8
R2282101,S0052,9
R2282101,S0204,10
R2282101,S0045,11
R2282101,S0083,12
R2282101,S0210,13
R2282101,S0094,14
R2282101,S0042,15
R2282101,S0198,16
R2282101,S0005,17
R2282101,S0066,18
R2282101,S0086,19
R2294107,S0013,1
R2294107,S0088,2
R2294107,S0036,3
R2294107,S0132,4
R2294107,S0185,5
R2294107,S0063,6
R2294107,S0168,7
R2294107,S0142,8
R2294107,S0058,9
R2294107,S0226,10
R2294107,S0227,11
R2294107,S0154,12
R2294107,S0133,13
R2294107,S0141,14
R2294107,S0020,15
R2294107,S0067,16
R2294107,S0076,17
R2294107,S0100,18
R2294107,S0171,19
R2294152,S0013,1
R2294152,S0198,2
R2294152,S0086,3
R2294152,S0088,4
R2294152,S0036,5
R2294152,S0097,6
R2294152,S0132,7
R2294152,S0185,8
R2294152,S0063,9
R2294152,S0168,10
R2294152,S0328,11
R2294152,S0283,12
R2294152,S0284,13
R2294152,S0142,14
R2294152,S0116,15
R2294152,S0103,16
R2294152,S0213,17
R2294152,S0155,18
R2294152,S0112,19
R2294152,S0223,20
R2295734,S0013,1
R2295734,S0166,2
R2295734,S0152,3
R2295734,S0193,4
R2295734,S0087,5
R2295734,S0149,6
R2295734,S0437,7
R2295734,S0082,8
R2295734,S0124,9
R2295734,S0030,10
R2295734,S0044,11
R2295734,S0158,12
R2295734,S0231,13
R2295734,S0038,14
R2295734,S0096,15
R2295734,S0176,16
R2295734,S0143,17
R2295768,S0013,1
R2295768,S0198,2
R2295768,S0086,3
R2295768,S0088,4
R2295768,S0036,5
R2295768,S0097,6
R2295768,S0132,7
R2295768,S0185,8
R2295768,S0063,9
R2295768,S0168,10
R2295768,S0142,11
R2295768,S0058,12
R2295768,S0226,13
R2295768,S0227,14
R2295768,S0154,15
R2295902,S0076,1
R2295902,S0067,2
R2295902,S0086,3
R2295902,S0066,4
R2295902,S0102,5
R2295902,S0196,6
R2295902,S0209,7
R2295902,S0015,8
R2295902,S0033,9
R2295902,S0108,10
R2295902,S0075,11
R2295902,S0167,12
R2295902,S0069,13
R2295902,S0180,14
R2295902,S0115,15
R2295902,S0006,16
R2295903,S0076,1
R2295903,S0100,2
R2295903,S0171,3
R2295903,S0013,4
R2295903,S0198,5
R2295903,S0086,6
R2295903,S0066,7
R2295903,S0102,8
R2295903,S0196,9
R2295903,S0209,10
R2295903,S0015,11
R2295903,S0033,12
R2295903,S0108,13
R2295903,S0075,14
R2295903,S0167,15
R2295903,S0069,16
R2295903,S0180,17
R2295903,S0115,18
R2295903,S0006,19
R2295941,S0076,1
R2295941,S0067,2
R2295941,S0086,3
R2295941,S0066,4
R2295941,S0102,5
R2295941,S0196,6
R2295941,S0209,7
R2295941,S0015,8
R2295941,S0033,9
R2295941,S0108,10
R2295941,S0075,11
R2295941,S0167,12
R2295941,S0069,13
R2295941,S0059,14
R2295941,S0205,15
R2295942,S0076,1
R2295942,S0100,2
R2295942,S0171,3
R2295942,S0013,4
R2295942,S0198,5
R2295942,S0086,6
R2295942,S0066,7
R2295942,S0102,8
R2295942,S0196,9
R2295942,S0209,10
R2295942,S0015,11
R2295942,S0033,12
R2295942,S0108,13
R2295942,S0075,14
R2295942,S0167,15
R2295942,S0069,16
R2295942,S0059,17
R2295942,S0205,18
R2295942,S0077,19
R2295942,S0046,20
R2295974,S0198,1
R2295974,S0086,2
R2295974,S0088,3
R2295974,S0036,4
R2295974,S0097,5
R2295974,S0132,6
R2295974,S0185,7
R2295974,S0063,8
R2295974,S0168,9
R2295974,S0142,10
R2295974,S0116,11
R2295974,S0103,12
R2295974,S0213,13
R2295974,S0155,14
R2295974,S0112,15
R2295974,S0223,16
R2295974,S0219,17
R2295974,S0194,18
R2295974,S0011,19
R2295974,S0216,20
R2295974,S0060,21
R2295974,S0269,22
R2295986,S0018,1
R2295986,S0069,2
R2295986,S0062,3
R2295986,S0034,4
R2295986,S0097,5
R2295986,S0028,6
R2295986,S0076,7
R2295986,S0099,8
R2295986,S0100,9
R2295986,S0171,10
R2295986,S0036,11
R2295986,S0013,12
R2295986,S0088,13
R2295986,S0198,14
R2295986,S0086,15
R2301161,S0101,1
R2301161,S0011,2
R2301161,S0219,3
R2301161,S0194,4
R2301161,S0112,5
R2301161,S0223,6
R2301161,S0155,7
R2301161,S0213,8
R2301161,S0103,9
R2301161,S0116,10
R2301161,S0142,11
R2301161,S0168,12
R2301161,S0063,13
R2301161,S0185,14
R2301161,S0088,15
R2301161,S0132,16
R2301161,S0067,17
R2301161,S0036,18
R2301161,S0076,19
R2301161,S0100,20
R2301161,S0171,21
R2301161,S0166,22
R2301161,S0152,23
R2301161,S0137,24
R2301161,S0198,25
R2301205,S0198,1
R2301205,S0086,2
R2301205,S0067,3
R2301205,S0076,4
R2301205,S0100,5
R2301205,S0171,6
R2301205,S0166,7
R2301205,S0152,8
R2301205,S0193,9
R2301205,S0087,10
R2301205,S0149,11
R2301205,S0437,12
R2301205,S0082,13
R2301205,S0124,14
R2301205,S0030,15
R2301205,S0044,16
R2301205,S0158,17
R2301205,S0231,18
R2301205,S0038,19
R2301205,S0096,20
R2301205,S0176,21
R2301205,S0434,22
R2301205,S0144,23
R2301306,S0024,1
R2301306,S0220,2
R2301306,S0107,3
R2301306,S0203,4
R2301306,S0017,5
R2301306,S0127,6
R2301306,S0075,7
R2301306,S0029,8
R2301306,S0108,9
R2301306,S0069,10
R2301306,S0033,11
R2301306,S0015,12
R2301306,S0209,13
R2301306,S0196,14
R2301306,S0102,15
R2301306,S0042,16
R2301306,S0094,17
R2301306,S0188,18
R2301306,S0051,19
R2301306,S0005,20
R2301306,S0197,21
R2301306,S0105,22
R2301306,S0068,23
R2301306,S0124,24
R2301306,S0030,25
R2301306,S0044,26
R2301306,S0109,27
R2301306,S0118,28
R2301306,S0217,29
R2301306,S0134,30
R2301357,S0075,1
R2301357,S0069,2
R2301357,S0167,3
R2301357,S0059,4
R2301357,S0205,5
R2301357,S0077,6
R2301357,S0046,7
R2301357,S0222,8
R2301357,S0045,9
R2301357,S0204,10
R2301357,S0052,11
R2301357,S0195,12
R2301358,S0124,1
R2301358,S0030,2
R2301358,S0044,3
R2301358,S0134,4
R2301358,S0217,5
R2301358,S0118,6
R2301358,S0109,7
R2301358,S0195,8
R2301358,S0052,9
R2301358,S0204,10
R2301358,S0222,11
R2301358,S0167,12
R2301358,S0059,13
R2301358,S0205,14
R2301358,S0077,15
R2301358,S0046,16
R2302674,S0291,1
R2302674,S0292,2
R2302674,S0275,3
R2302674,S0130,4
R2302674,S0295,5
R2302674,S0296,6
R2302674,S0263,7
R2302674,S0192,8
R2302674,S0023,9
R2302674,S0276,10
R2302674,S0056,11
R2302674,S0185,12
R2302674,S0132,13
R2302674,S0099,14
R2302674,S0097,15
R2302674,S0028,16
R2302674,S0069,17
R2302674,S0029,18
R2302674,S0034,19
R2302674,S0127,20
R2302674,S0062,21
R2302674,S0203,22
R2302674,S0015,23
R2302674,S0107,24
R2302674,S0304,25
R2302674,S0017,26
R2307657,S0360,1
R2307657,S0361,2
R2307657,S0362,3
R2307657,S0363,4
R2307657,S0364,5
R2307657,S0365,6
R2307657,S0366,7
R2307657,S0020,8
R2307657,S0367,9
R2307657,S0368,10
R2307657,S0112,11
R2909799,S0025,1
R2909799,S0050,2
R2909799,S0165,3
R2909799,S0199,4
R2909799,S0081,5
R2909799,S0161,6
R2909799,S0014,7
R2909799,S0098,8
R2909799,S0202,9
R2909799,S0147,10
R2909799,S0110,11
R2909799,S0007,12
R2909799,S0092,13
R2909799,S0004,14
R2909799,S0203,15
R2909799,S0022,16
R2909799,S0159,17
R2909799,S0062,18
R2909799,S0034,19
R2909799,S0107,20
R2909799,S0097,21
R2909799,S0017,22
R2909799,S0102,23
R2909799,S0031,24
R2909799,S0127,25
R2909799,S0029,26
R2909799,S0069,27
R2909799,S0028,28
R2909799,S0099,29
R2909799,S0036,30
R2909799,S0005,31
R2975649,S0198,1
R2975649,S0086,2
R2975649,S0088,3
R2975649,S0036,4
R2975649,S0097,5
R2975649,S0028,6
R2975649,S0099,7
R2975649,S0034,8
R2975649,S0069,9
R2975649,S0062,10
R2975649,S0029,11
R2975649,S0127,12
R2975649,S0017,13
R2975649,S0053,14
R2975649,S0139,15
R2975649,S0070,16
R2975649,S0071,17
R2975649,S0204,18
R2975649,S0203,19
R2975649,S0052,20
R2975649,S0195,21
R2975649,S0134,22
R2975649,S0217,23
R2975649,S0118,24
R2975649,S0109,25
R2975649,S0030,26
R2975649,S0044,27
R2988806,S0013,1
R2988806,S0198,2
R2988806,S0086,3
R2988806,S0278,4
R2988806,S0088,5
R2988806,S0036,6
R2988806,S0097,7
R2988806,S0099,8
R2988806,S0028,9
R2988806,S0069,10
R2988806,S0034,11
R2988806,S0029,12
R2988806,S0062,13
R2988806,S0127,14
R2988806,S0015,15
R2988806,S0017,16
R2988806,S0304,17
R2988806,S0107,18
R2988806,S0159,19
R2988806,S0313,20
R2988806,S0314,21
R2988806,S0315,22
R2988806,S0316,23
R2988806,S0317,24
R2988806,S0203,25
R2988806,S0022,26
R2988806,S0004,27
R2988806,S0312,28
R2988806,S0092,29
R2988806,S0007,30
R2988806,S0110,31
R2988809,S0198,1
R2988809,S0086,2
R2988809,S0088,3
R2988809,S0036,4
R2988809,S0097,5
R2988809,S0028,6
R2988809,S0099,7
R2988809,S0034,8
R2988809,S0069,9
R2988809,S0062,10
R2988809,S0029,11
R2988809,S0127,12
R2988809,S0017,13
R2988809,S0053,14
R2988809,S0139,15
R2988809,S0070,16
R2988809,S0071,17
R2988809,S0204,18
R2988809,S0203,19
R2988809,S0052,20
R2988809,S0195,21
R2988809,S0172,22
R2988809,S0026,23
R2988809,S0135,24
R2988809,S0369,25
R2988809,S0370,26
R2988809,S0371,27
R2988809,S0146,28
R2988810,S0198,1
R2988810,S0086,2
R2988810,S0067,3
R2988810,S0076,4
R2988810,S0100,5
R2988810,S0171,6
R2988810,S0166,7
R2988810,S0152,8
R2988810,S0193,9
R2988810,S0087,10
R2988810,S0149,11
R2988810,S0437,12
R2988810,S0082,13
R2988810,S0124,14
R2988810,S0030,15
R2988810,S0044,16
R2988810,S0158,17
R2988810,S0231,18
R2988810,S0038,19
R2988810,S0096,20
R2988810,S0176,21
R2988835,S0076,1
R2988835,S0013,2
R2988835,S0198,3
R2988835,S0086,4
R2988835,S0067,5
R2988835,S0056,6
R2988835,S0023,7
R2988835,S0130,8
R2988835,S0054,9
R2988835,S0008,10
R2988835,S0119,11
R2988836,S0010,1
R2988836,S0119,2
R2988836,S0008,3
R2988836,S0054,4
R2988836,S0130,5
R2988836,S0023,6
R2988836,S0056,7
R2988836,S0076,8
R2988836,S0100,9
R2988836,S0171,10
R2988836,S0013,11
R2988890,S0031,1
R2988890,S0198,2
R2988890,S0086,3
R2988890,S0088,4
R2988890,S0036,5
R2988890,S0097,6
R2988890,S0028,7
R2988890,S0099,8
R2988890,S0034,9
R2988890,S0062,10
R2988890,S0069,11
R2988890,S0029,12
R2988890,S0127,13
R2988890,S0017,14
R2988890,S0107,15
R2988890,S0159,16
R2988890,S0022,17
R2988890,S0004,18
R2988890,S0203,19
R2988890,S0092,20
R2988890,S0007,21
R2988890,S0147,22
R2988890,S0202,23
R2988890,S0098,24
R2988890,S0014,25
R2988890,S0081,26
R2988890,S0161,27
R2988890,S0110,28
R2988890,S0199,29
R2988890,S0165,30
R2988890,S0050,31
R2988890,S0025,32
R2988891,S0198,1
R2988891,S0086,2
R2988891,S0088,3
R2988891,S0036,4
R2988891,S0097,5
R2988891,S0028,6
R2988891,S0099,7
R2988891,S0034,8
R2988891,S0069,9
R2988891,S0062,10
R2988891,S0029,11
R2988891,S0127,12
R2988891,S0017,13
R2988891,S0107,14
R2988891,S0159,15
R2988891,S0022,16
R2988891,S0004,17
R2988891,S0092,18
R2988891,S0203,19
R2988891,S0007,20
R2988891,S0147,21
R2988891,S0202,22
R2988891,S0098,23
R2988891,S0095,24
R2988891,S0229,25
R2988891,S0019,26
R2988891,S0089,27
R2988891,S0110,28
R2988891,S0178,29
R2988891,S0190,30
R2988891,S0117,31
R2988891,S0160,32
R2988891,S0121,33
R2988891,S0153,34
R2988891,S0136,35
R2988891,S0208,36
R2988893,S0031,1
R2988893,S0198,2
R2988893,S0086,3
R2988893,S0088,4
R2988893,S0036,5
R2988893,S0097,6
R2988893,S0028,7
R2988893,S0099,8
R2988893,S0034,9
R2988893,S0069,10
R2988893,S0062,11
R2988893,S0029,12
R2988893,S0127,13
R2988893,S0017,14
R2988893,S0107,15
R2988893,S0159,16
R2988893,S0022,17
R2988893,S0004,18
R2988893,S0092,19
R2988893,S0203,20
R2988893,S0007,21
R2988893,S0147,22
R2988893,S0202,23
R2988893,S0098,24
R2988893,S0014,25
R2988893,S0081,26
R2988893,S0161,27
R2988893,S0199,28
R2988893,S0110,29
R2988893,S0165,30
R2988893,S0224,31
R2988930,S0025,1
R2988930,S0039,2
R2988983,S0145,1
R2988983,S0190,2
R2988983,S0178,3
R2988983,S0089,4
R2988983,S0229,5
R2988983,S0019,6
R2988983,S0098,7
R2988983,S0095,8
R2988983,S0202,9
R2988983,S0147,10
R2988983,S0110,11
R2988983,S0007,12
R2988983,S0092,13
R2988983,S0203,14
R2988983,S0004,15
R2988983,S0022,16
R2988983,S0159,17
R2988983,S0062,18
R2988983,S0034,19
R2988983,S0097,20
R2988983,S0107,21
R2988983,S0088,22
R2988983,S0017,23
R2988983,S0067,24
R2988983,S0076,25
R2988983,S0127,26
R2988983,S0100,27
R2988983,S0029,28
R2988983,S0171,29
R2988983,S0069,30
R2988983,S0013,31
R2988983,S0028,32
R2988983,S0099,33
R2988983,S0036,34
R2988983,S0031,35
R2988993,S0198,1
R2988993,S0086,2
R2988993,S0088,3
R2988993,S0036,4
R2988993,S0097,5
R2988993,S0028,6
R2988993,S0099,7
R2988993,S0034,8
R2988993,S0069,9
R2988993,S0062,10
R2988993,S0029,11
R2988993,S0127,12
R2988993,S0017,13
R2988993,S0107,14
R2988993,S0159,15
R2988993,S0022,16
R2988993,S0004,17
R2988993,S0092,18
R2988993,S0203,19
R2988993,S0007,20
R2988993,S0147,21
R2988993,S0202,22
R2988993,S0098,23
R2988993,S0095,24
R2988993,S0229,25
R2988993,S0019,26
R2988993,S0089,27
R2988993,S0110,28
R2988993,S0178,29
R2988993,S0190,30
R2988993,S0117,31
R2988993,S0160,32
R2988993,S0121,33
R2988993,S0153,34
R2988993,S0136,35
R2988993,S0001,36
R2988993,S0183,37
R2989012,S0198,1
R2989012,S0086,2
R2989012,S0067,3
R2989012,S0076,4
R2989012,S0056,5
R2989012,S0023,6
R2989012,S0230,7
R2989012,S0233,8
R2989012,S0225,9
R2989012,S0043,10
R2989012,S0049,11
R2989012,S0073,12
R2989012,S0173,13
R2989021,S0219,1
R2989021,S0194,2
R2989021,S0112,3
R2989021,S0223,4
R2989021,S0011,5
R2989021,S0216,6
R2989021,S0060,7
R2989036,S0198,1
R2989036,S0086,2
R2989036,S0088,3
R2989036,S0036,4
R2989036,S0097,5
R2989036,S0028,6
R2989036,S0099,7
R2989036,S0034,8
R2989036,S0069,9
R2989036,S0062,10
R2989036,S0029,11
R2989036,S0127,12
R2989036,S0017,13
R2989036,S0053,14
R2989036,S0139,15
R2989036,S0070,16
R2989036,S0071,17
R2989036,S0204,18
R2989036,S0203,19
R2989036,S0052,20
R2989036,S0195,21
R2989036,S0172,22
R2989036,S0026,23
R2989036,S0135,24
R2989074,S0146,1
R2989074,S0371,2
R2989074,S0370,3
R2989074,S0369,4
R2989074,S0135,5
R2989074,S0026,6
R2989074,S0172,7
R2989074,S0195,8
R2989074,S0052,9
R2989074,S0204,10
R2989074,S0222,11
R2989074,S0035,12
R2989074,S0055,13
R2989074,S0005,14
R2989074,S0031,15
R2989074,S0198,16
R2989075,S0135,1
R2989075,S0026,2
R2989075,S0172,3
R2989075,S0195,4
R2989075,S0052,5
R2989075,S0204,6
R2989075,S0222,7
R2989075,S0035,8
R2989075,S0055,9
R2989075,S0005,10
R2989075,S0031,11
R2989075,S0198,12
R3014451,S0161,1
R3014451,S0081,2
R3014451,S0319,3
R3014451,S0014,4
R3014451,S0202,5
R3014451,S0147,6
R3014451,S0057,7
R3014451,S0322,8
R3014451,S0323,9
R3014451,S0324,10
R3014451,S0325,11
R3014451,S0150,12
R3014451,S0326,13
R3014451,S0181,14
R3014451,S0312,15
R3014451,S0156,16
R3014451,S0159,17
R3014451,S0203,18
R3014451,S0304,19
R3014451,S0062,20
R3014451,S0107,21
R3014451,S0097,22
R3014451,S0017,23
R3014451,S0102,24
R3014451,S0031,25
R3014451,S0127,26
R3014451,S0005,27
R3014451,S0029,28
R3014451,S0013,29
R3014451,S0069,30
R3014451,S0034,31
R3014451,S0015,32
R3014451,S0028,33
R3014451,S0099,34
R3014451,S0036,35
R3014451,S0278,36
R3020174,S0198,1
R3020174,S0137,2
R3020174,S0094,3
R3020174,S0042,4
R3020174,S0005,5
R3020174,S0035,6
R3020174,S0222,7
R3020174,S0055,8
R3020174,S0016,9
R3020174,S0148,10
R3020174,S0027,11
R3020174,S0139,12
R3020174,S0053,13
R3020174,S0107,14
R3020174,S0156,15
R3020174,S0120,16
R3020174,S0159,17
R3020212,S0009,1
R3020212,S0443,2
R3020212,S0073,3
R3020212,S0049,4
R3020212,S0043,5
R3020212,S0225,6
R3020212,S0230,7
R3020212,S0233,8
R3020212,S0023,9
R3020212,S0056,10
R3020212,S0067,11
R3020212,S0076,12
R3020212,S0171,13
R3020212,S0198,14
R3020213,S0198,1
R3020213,S0086,2
R3020213,S0088,3
R3020213,S0385,4
R3020213,S_396,5
R3020213,S0023,6
R3020213,S0230,7
R3020213,S0225,8
R3020213,S0043,9
R3020213,S0049,10
R3020213,S0446,11
R3020213,S0047,12
R3020213,S0221,13
R3020213,S0084,14
R3020213,S0009,15
R3020231,S0198,1
R3020231,S0086,2
R3020231,S0385,3
R3020231,S0056,4
R3020231,S0023,5
R3020231,S0230,6
R3020231,S0225,7
R3020231,S0043,8
R3020231,S0049,9
R3020231,S0446,10
R3020231,S0047,11
R3020231,S0221,12
R3020231,S0084,13
R3020231,S0085,14
R3020231,S0430,15
R3020231,S0431,16
R3020231,S0048,17
R3020244,S0198,1
R3020244,S0086,2
R3020244,S0088,3
R3020244,S0036,4
R3020244,S0097,5
R3020244,S0028,6
R3020244,S0099,7
R3020244,S0069,8
R3020244,S0034,9
R3020244,S0029,10
R3020244,S0062,11
R3020244,S0127,12
R3020244,S0203,13
R3020244,S0053,14
R3020244,S0139,15
R3020244,S0070,16
R3020244,S0071,17
R3020244,S0204,18
R3020244,S0017,19
R3020244,S0052,20
R3020244,S0195,21
R3020244,S0172,22
R3020244,S0026,23
R3020244,S0135,24
R3020244,S0436,25
R3020244,S0125,26
R3028077,S0113,1
R3028077,S0177,2
R3028077,S0445,3
R3028077,S0079,4
R3028077,S0003,5
R3028077,S0207,6
R3028077,S_391,7
R3028077,S0152,8
R3028077,S0166,9
R3028077,S0137,10
R3028077,S0013,11
R3068536,S0130,1
R3068536,S0345,2
R3068536,S0230,3
R3068536,S0233,4
R3068536,S0189,5
R3068536,S0106,6
R3068536,S0011,7
R3068536,S0214,8
R3068536,S0219,9
R3070257,S0130,1
R3070257,S0023,2
R3070257,S0056,3
R3070257,S0185,4
R3070257,S0132,5
R3070257,S0097,6
R3070257,S0099,7
R3070257,S0028,8
R3070257,S0069,9
R3070257,S0034,10
R3070257,S0029,11
R3070257,S0062,12
R3070257,S0127,13
R3070257,S0017,14
R3070257,S0107,15
R3070257,S0220,16
R3070257,S0203,17
R3070257,S0024,18
R3070262,S0130,1
R3070262,S0023,2
R3070262,S0056,3
R3070262,S0185,4
R3070262,S0132,5
R3070262,S0099,6
R3070262,S0097,7
R3070262,S0028,8
R3070262,S0069,9
R3070262,S0029,10
R3070262,S0034,11
R3070262,S0127,12
R3070262,S0062,13
R3070262,S0017,14
R3070262,S0107,15
R3070262,S0156,16
R3070262,S0203,17
R3070262,S0159,18
R3070344,S0054,1
R3070344,S0130,2
R3070344,S0023,3
R3070344,S0056,4
R3070344,S0185,5
R3070344,S0132,6
R3070344,S0097,7
R3070344,S0099,8
R3070344,S0028,9
R3070344,S0069,10
R3070344,S0034,11
R3070344,S0029,12
R3070344,S0062,13
R3070344,S0127,14
R3070344,S0017,15
R3070344,S0107,16
R3070344,S0159,17
R3070344,S0022,18
R3070344,S0004,19
R3070344,S0203,20
R3071402,S0140,1
R3071402,S0125,2
R3071402,S0436,3
R3071402,S0135,4
R3071402,S0026,5
R3071402,S0172,6
R3071402,S0195,7
R3071402,S0134,8
R3071402,S0217,9
R3071402,S0118,10
R3071402,S0109,11
R3071402,S0030,12
R3071402,S0044,13
R3071402,S0065,14
R3071402,S0187,15
R3071402,S0169,16
R3071402,S0174,17
R3071402,S0113,18
R3071402,S0212,19
R3071402,S0228,20
R3071402,S0162,21
R3071402,S0090,22
R3071402,S0130,23
R3071562,S0069,1
R3071562,S0029,2
R3071562,S0127,3
R3071562,S0017,4
R3071562,S0107,5
R3071562,S0220,6
R3071562,S0203,7
R3071562,S0182,8
R3071562,S0024,9
R3071562,S0194,10
R3071562,S0020,11
R3071562,S0112,12
R3071562,S0223,13
R3071562,S0011,14
R3071562,S0155,15
R3071562,S0219,16
R3071562,S0213,17
R3071562,S0103,18
R3071562,S0142,19
R3071562,S0063,20
R3071562,S0116,21
R3071562,S0099,22
R3071562,S0168,23
R3071562,S0185,24
R3071562,S0132,25
R3071562,S0097,26
R3071562,S0028,27
R3071562,S0034,28
R3071562,S0062,29
R3072924,S0232,1
R3072924,S0008,2
R3072924,S0054,3
R3072924,S0130,4
R3072924,S0023,5
R3072924,S0056,6
R3072924,S0185,7
R3072924,S0132,8
R3072924,S0102,9
R3072924,S0036,10
R3072924,S0042,11
R3072924,S0094,12
R3072924,S0005,13
R3072924,S0210,14
R3072924,S0083,15
R3072924,S0045,16
R3072924,S0204,17
R3072924,S0052,18
R3072924,S0195,19
R3072924,S0134,20
R3072924,S0438,21
R3072924,S0078,22
R3072924,S0002,23
R3074202,S0002,1
R3074202,S0078,2
R3074202,S0134,3
R3074202,S0195,4
R3074202,S0052,5
R3074202,S0204,6
R3074202,S0222,7
R3074202,S0035,8
R3074202,S0055,9
R3074202,S0005,10
R3074202,S0031,11
R3074202,S0013,12
R3101629,S0219,1
R3101629,S0194,2
R3101629,S0112,3
R3101629,S0223,4
R3101629,S0011,5
R3101629,S0101,6
R3101629,S0138,7
R3101629,S0432,8
R3101629,S0433,9
R3101629,S0032,10
R3102120,S0112,1
R3102120,S0223,2
R3102120,S0020,3
R3102120,S0104,4
R3102120,S0200,5
R3102124,S0100,1
R3102124,S0171,2
R3102124,S0166,3
R3102124,S0152,4
R3102124,S0193,5
R3102124,S0188,6
R3102124,S0051,7
R3102124,S0197,8
R3102124,S0105,9
R3102124,S0093,10
R3102124,S0439,11
R3102124,S0109,12
R3102124,S0118,13
R3102124,S0072,14
R3102319,S0112,1
R3102319,S0223,2
R3102319,S0103,3
R3102319,S0214,4
R3102319,S0179,5
R3102319,S0129,6
R3102319,S0269,7
R3102605,S0211,1
R3102605,S0162,2
R3102605,S0228,3
R3102605,S0212,4
R3102605,S0113,5
R3102605,S0174,6
R3102605,S0169,7
R3102605,S0187,8
R3102605,S0065,9
R3102605,S0030,10
R3102605,S0044,11
R3102605,S0109,12
R3102605,S0118,13
R3102605,S0217,14
R3102605,S0134,15
R3102605,S0195,16
R3102605,S0052,17
R3102605,S0204,18
R3102605,S0071,19
R3102605,S0070,20
R3102605,S0139,21
R3102605,S0053,22
R3102605,S0107,23
R3102605,S0220,24
R3102605,S0024,25
R3102605,S0182,26
R3102605,S0020,27
R3102605,S0011,28
R3102605,S0214,29
R3102605,S0189,30
R3102605,S0106,31
R3102605,S0230,32
R3102605,S0090,33
R3102605,S0233,34
R3102605,S0345,35
R3102605,S0130,36
R3203278,S0139,1
R3203278,S0070,2
R3203278,S0347,3
R3203278,S0204,4
R3203278,S0348,5
R3203278,S0126,6
R3203278,S0083,7
R3203278,S0338,8
R3203278,S0339,9
R3203278,S0341,10
R3203278,S0005,11
R3203278,S0013,12
R3204165,S0110,1
R3204165,S0323,2
R3204165,S0147,3
R3204165,S0022,4
R3204165,S0159,5
R3204165,S0017,6
R3204165,S0107,7
R3204165,S0097,8
R3204165,S0127,9
R3204165,S0031,10
R3204165,S0075,11
R3204165,S0013,12
R3211395,S0161,1
R3211395,S0199,2
R3211395,S0089,3
R3211395,S0014,4
R3211395,S0202,5
R3211395,S0325,6
R3211395,S0022,7
R3211395,S0159,8
R3211395,S0107,9
R3211395,S0017,10
R3211395,S0075,11
R3211395,S0097,12
R3211395,S0088,13
R3211395,S0013,14
R3213434,S0130,1
R3213434,S0211,2
R3213434,S0353,3
R3213434,S0228,4
R3213434,S0212,5
R3213434,S0113,6
R3213434,S0349,7
R3213434,S0174,8
R3213434,S0187,9
R3213434,S0065,10
R3213434,S0044,11
R3213434,S0354,12
R3213434,S0118,13
R3213434,S0217,14
R3213434,S0355,15
R3213434,S0195,16
R3213434,S0204,17
R3213434,S0070,18
R3213434,S0139,19
R3213434,S0053,20
R3213434,S0107,21
R3214592,S0107,1
R3214592,S0017,2
R3214592,S0127,3
R3214592,S0029,4
R3214592,S0075,5
R3214592,S0028,6
R3214592,S0056,7
R3214592,S0097,8
R3214592,S0276,9
R3214592,S0185,10
R3214592,S0023,11
R3214592,S0271,12
R3214592,S0130,13
R3218289,S0135,1
R3218289,S0026,2
R3218289,S0195,3
R3218289,S0204,4
R3218289,S0139,5
R3218289,S0017,6
R3218289,S0075,7
R3218289,S0028,8
R3218289,S0097,9
R3218289,S0185,10
R3218289,S0063,11
R3218289,S0234,12
R3218289,S0103,13
R3218289,S0214,14
R3229256,S0135,1
R3229256,S0026,2
R3229256,S0195,3
R3229256,S0204,4
R3229256,S0348,5
R3229256,S0126,6
R3229256,S0338,7
R3229256,S0339,8
R3229256,S0005,9
R3229256,S0013,10
R3229256,S0067,11
R3229256,S0056,12
R3229256,S0276,13
R3229256,S0023,14
R3229256,S0271,15
R3229256,S0130,16
R3229256,S0291,17
R3232098,S0044,1
R3232098,S0124,2
R3232098,S0082,3
R3232098,S0437,4
R3232098,S0149,5
R3232098,S0087,6
R3232098,S0152,7
R3232098,S0166,8
R3232098,S0067,9
R3232098,S0056,10
R3232098,S0185,11
R3232098,S0063,12
R3232098,S0234,13
R3232098,S0103,14
R3232098,S0112,15
R3232098,S0194,16
R3232098,S0011,17
R3236048,S0107,1
R3236048,S0053,2
R3236048,S0139,3
R3236048,S0070,4
R3236048,S0204,5
R3236048,S0350,6
R3236048,S0440,7
R3236048,S0123,8
R3236048,S0351,9
R3236048,S0149,10
R3236048,S0087,11
R3236048,S0079,12
R3236048,S0113,13
R3236048,S0349,14
R3236048,S0174,15
R3255302,S0089,1
R3255302,S0014,2
R3255302,S0325,3
R3255302,S0022,4
R3255302,S0107,5
R3255302,S0024,6
R3255302,S0020,7
R3255302,S0011,8
R3255302,S0214,9
R3255302,S0230,10
R3255302,S0043,11
R3255302,S0358,12
R3255302,S0221,13
R3271482,S0112,1
R3271482,S0103,2
R3271482,S0234,3
R3271482,S0063,4
R3271482,S0185,5
R3271482,S0097,6
R3271482,S0028,7
R3271482,S0029,8
R3271482,S0075,9
R3271482,S0127,10
R3271482,S0017,11
R3271482,S0107,12
R3277397,S0089,1
R3277397,S0014,2
R3277397,S0022,3
R3277397,S0107,4
R3277397,S0053,5
R3277397,S0139,6
R3277397,S0070,7
R3277397,S0204,8
R3277397,S0195,9
R3277397,S0355,10
R3277397,S0217,11
R3277397,S0118,12
R3277397,S0065,13
R3277397,S0187,14
R3277397,S0174,15
R3283810,S0013,1
R3283810,S0067,2
R3283810,S0056,3
R3283810,S0276,4
R3283810,S0023,5
R3283810,S0271,6
R3283810,S0246,7
R3283810,S0130,8
R3283810,S0345,9
R3283810,S0291,10
R3283810,S0346,11
R3288696,S0112,1
R3288696,S0103,2
R3288696,S0234,3
R3288696,S0063,4
R3288696,S0185,5
R3288696,S0056,6
R3288696,S0067,7
R3288696,S0013,8
R3296530,S0107,1
R3296530,S0024,2
R3296530,S0020,3
R3296530,S0182,4
R3296530,S0011,5
R3296530,S0352,6
R3296530,S0214,7
R3296530,S0258,8
R3296530,S0189,9
R3296530,S0230,10
R3296530,S0130,11
R3297080,S0194,1
R3297080,S0112,2
R3297080,S0103,3
R3297080,S0214,4
R3297080,S0258,5
R3297080,S0189,6
R3297080,S0230,7
R3297196,S0174,1
R3297196,S0349,2
R3297196,S0113,3
R3297196,S0079,4
R3297196,S0087,5
R3297196,S0166,6
R3297196,S0152,7
R3297196,S0013,8
R3319772,S0079,1
R3319772,S0356,2
R3319772,S0357,3
R3319772,S0342,4
R3319772,S0087,5
R3319772,S0152,6
R3319772,S0341,7
R3319772,S0013,8
R3342445,S0337,1
R3342445,S0068,2
R3342445,S0051,3
R3342445,S0123,4
R3342445,S0083,5
R3342445,S0055,6
R3342445,S0005,7
R3342445,S0013,8
R3351750,S0344,1
R3351750,S0135,2
R3351750,S0026,3
R3351750,S0195,4
R3351750,S0083,5
R3351750,S0338,6
R3351750,S0339,7
R3351750,S0031,8
R3351750,S0013,9
R3351751,S_418,1
R3351751,S_414,2
R3351751,S_410,3
R3351751,S0011,4
R3351751,S_421,5
R3351751,S_404,6
R3351751,S0017,7
R3351751,S0053,8
R3351751,S0139,9
R3351751,S0070,10
R3351751,S0347,11
R3351751,S0204,12
R3351751,S0350,13
R3351751,S0195,14
R3351751,S0134,15
R3351751,S0355,16
R3351751,S0217,17
R3351751,S0118,18
R3351751,S0354,19
R3351751,S0044,20
R3351751,S0065,21
R3351751,S0169,22
R3351751,S0187,23
R3351751,S0174,24
R3351751,S0349,25
R3351751,S0177,26
R3351751,S0212,27
R3351751,S0228,28
R3351751,S0353,29
R3351751,S0162,30
R3351751,S0211,31
R3351751,S0090,32
R3351751,S0246,33
R3351751,S_395,34
R3351751,S0345,35
R3351751,S_418,36
R3351752,S0183,1
R3351752,S0001,2
R3351752,S0136,3
R3351752,S0121,4
R3351752,S0153,5
R3351752,S0160,6
R3351752,S0117,7
R3351752,S0190,8
R3351752,S0178,9
R3351752,S_408,10
R3351752,S_407,11
R3351752,S_398,12
R3351752,S0098,13
R3351752,S_409,14
R3351752,S_412,15
R3351752,S_413,16
R3351752,S_422,17
R3351752,S0325,18
R3351752,S0326,19
R3351752,S0312,20
R3351752,S_403,21
R3351752,S_404,22
R3351752,S0203,23
R3351752,S_405,24
R3351752,S0304,25
R3351752,S0062,26
R3351752,S0034,27
R3351752,S0097,28
R3351752,S0066,29
R3351752,S0031,30
R3351752,S0198,31
R3351753,S0242,1
R3351753,S0179,2
R3351753,S0247,3
R3351753,S0258,4
R3351753,S_423,5
R3351753,S_424,6
R3351753,S_425,7
R3351753,S0237,8
R3351753,S_426,9
R3351753,S0328,10
R3351753,S0063,11
R3351753,S_411,12
R3351753,S0097,13
R3351753,S0099,14
R3351753,S_406,15
R3351753,S0069,16
R3351753,S0029,17
R3351753,S0127,18
R3351753,S0017,19
R3351753,S0053,20
R3351753,S0139,21
R3351753,S0070,22
R3351753,S0347,23
R3351753,S0204,24
R3351753,S0052,25
R3351753,S0195,26
R3351753,S0172,27
R3351753,S0026,28
R3351753,S0135,29
R3351754,S0152,1
R3351754,S0166,2
R3351754,S0137,3
R3351754,S0198,4
R3351754,S0086,5
R3351754,S_394,6
R3351754,S0036,7
R3351754,S0132,8
R3351754,S0185,9
R3351754,S0063,10
R3351754,S0168,11
R3351754,S0283,12
R3351754,S0284,13
R3351754,S0234,14
R3351754,S0116,15
R3351754,S0103,16
R3351754,S0213,17
R3351754,S0155,18
R3351754,S0219,19
R3351754,S0194,20
R3351754,S0223,21
R3351754,S_420,22
R3351754,S0011,23
R3351754,S0248,24
R3351754,S0352,25
R3351754,S0214,26
R3351754,S0106,27
R3351754,S0247,28
R3351754,S0179,29
R3351754,S0242,30
R3351755,S0144,1
R3351755,S0434,2
R3351755,S0176,3
R3351755,S0038,4
R3351755,S0231,5
R3351755,S0158,6
R3351755,S0044,7
R3351755,S0030,8
R3351755,S0124,9
R3351755,S0082,10
R3351755,S0437,11
R3351755,S0149,12
R3351755,S_391,13
R3351755,S0152,14
R3351755,S0166,15
R3351755,S0137,16
R3351755,S0198,17
