route_id,route_name,short_name,vehicle_type,route_type,operator,start_stop_id,end_stop_id,total_stops,approx_distance_km,estimated_duration_min,service_start_time,service_end_time,frequency_min,fare_type,has_ac,is_express,status,notes,created_at,updated_at,operator_id,return_leg_verified,operator_id_raw,is_multi_operator,haversine_distance_km,max_consecutive_stop_jump_km,approx_distance_km_original,distance_flagged_for_recompute,status_original,status_corrected_for_return_leg,is_bidirectional
R2276770,Purano Bus Park-Thimi,10,microbus,public,Madhyapur Thimi Yatayat,S0198,S0110,21,11.91,66.0,06:00:00,20:00:00,15,distance_based,False,False,active,,2026-08-03T02:53:43Z,2026-09-08T11:06:33Z,OP027,False,OP027,False,15.849,3.661,8.92,True,active,False,True
R2276999,Shobhabhagwati-Koteshwore,Annapurna A,tempo,public,Samyukta Yatayat,S0003,S0107,19,10.33,52.0,06:00:00,20:00:00,15,distance_based,False,False,active,,2026-08-03T02:53:43Z,2026-09-08T11:06:33Z,OP020,False,OP020,False,8.347,0.95,8.26,False,pending_release,False,True
R2277212,Koteshwor - Ratna Park,annapurna B,tempo,public,Digo Yatayat,S0198,S0107,14,8.88,43.0,06:00:00,20:00:00,15,distance_based,False,False,active,,2026-08-03T02:53:43Z,2026-09-08T11:06:33Z,OP011,False,OP011,False,9.497,1.679,6.99,False,active,True,True
R2282101,Ratna Park - Sundarijal,2,bus,public,Gokarneshwor Yatayat,S0040,S0086,19,13.45,75.0,06:00:00,20:00:00,15,distance_based,False,False,active,,2026-08-03T02:53:43Z,2026-09-08T11:06:33Z,OP002,False,OP002,False,14.868,3.413,13.45,False,active,True,True
R2294107,Ratna Park-Gwarko,14,tempo,public,Bagmati Yatayat,S0013,S0171,19,5.94,44.0,06:00:00,20:00:00,15,distance_based,False,False,active,,2026-08-03T02:53:43Z,2026-09-08T11:06:33Z,OP014,False,OP014,False,10.432,4.099,5.94,True,active,False,True
R2295734,Ratna Park-Budhanilkantha School,5,microbus,public,Dhumrabaraha Yatayat,S0013,S0143,17,9.73,56.0,06:00:00,20:00:00,15,distance_based,False,False,active,,2026-08-03T02:53:43Z,2026-09-08T11:06:33Z,OP012,False,OP012,False,9.812,2.856,9.73,False,pending_release,False,True
R2295768,Ratnapark-Mangal Bazaar,14,tempo,public,Bagmati Yatayat,S0013,S0154,15,4.77,35.0,06:00:00,20:00:00,15,distance_based,False,False,active,,2026-08-03T02:53:43Z,2026-09-08T11:06:33Z,OP014,False,OP014,False,4.708,0.851,4.77,False,active,False,True
R2295902,KattyaniChowk-Sundhara,1 MA,tempo,public,Samakhusi Yatayat,S0076,S0006,16,4.56,34.0,06:00:00,20:00:00,15,distance_based,False,False,active,,2026-08-03T02:53:43Z,2026-09-08T11:06:33Z,OP021,False,OP021,False,5.314,0.731,4.56,True,active,False,True
R2295903,Sundhara-Milanchowk-KattyaniChowk,1 MA,tempo,public,Samakhusi Yatayat,S0076,S0006,19,5.29,40.0,06:00:00,20:00:00,15,distance_based,False,False,active,,2026-08-03T02:53:43Z,2026-09-08T11:06:33Z,OP021,False,OP021,False,6.048,0.731,5.29,True,active,True,True
R2295941,Old Baneshwar-Sundhara,1 MA,tempo,public,Samakhusi Yatayat,S0076,S0205,15,5.632,31.0,06:00:00,20:00:00,15,distance_based,False,False,active,,2026-08-03T02:53:43Z,2026-09-08T11:06:33Z,OP021,False,OP021,False,4.832,0.691,3.92,False,active,False,True
R2295942,Sundhara-Purano Baneshwar,1 MA,tempo,public,Samakhusi Yatayat,S0076,S0046,20,5.27,41.0,06:00:00,20:00:00,15,distance_based,False,False,active,,2026-08-03T02:53:43Z,2026-09-08T11:06:33Z,OP021,False,OP021,False,6.173,0.691,5.27,True,active,True,True
R2295986,Sundhara-Shankhamul,1,microbus,public,Local Microbus,S0018,S0086,15,5.58,42.0,06:00:00,20:00:00,15,distance_based,False,False,active,,2026-08-03T02:53:43Z,2026-09-08T11:06:33Z,OP030,False,,False,11.739,1.513,5.58,True,pending_release,False,True
R2301205,Purano Bus Park-Shivapuri,5,microbus,public,Basuki Yatayat,S0198,S0144,23,12.47,73.0,06:00:00,20:00:00,15,distance_based,False,False,active,,2026-08-03T02:53:43Z,2026-09-08T11:06:33Z,OP013,False,OP013,False,12.522,2.856,12.47,False,pending_release,False,True
R2301306,Balkumari-Gopi Krishna,Nepal Yatayat,bus,public,Nepal Yatayat,S0024,S0134,30,15.4,85.0,06:00:00,20:00:00,15,distance_based,False,False,active,,2026-08-03T02:53:43Z,2026-09-08T11:06:33Z,OP007,False,OP007,False,17.494,1.464,12.75,True,active,False,True
R2301357,Naya Baneshwor-Teaching,-,microbus,public,Tarakeshwor Yatayat,S0075,S0195,12,5.22,29.0,06:00:00,20:00:00,15,distance_based,False,False,active,,2026-08-03T02:53:43Z,2026-09-08T11:06:33Z,OP019,False,OP019,False,4.393,0.822,3.92,False,pending_release,False,True
R2301358,Teaching-NayaBaneshwar,-,microbus,public,Tarakeshwor Yatayat,S0124,S0046,16,12.94,58.0,06:00:00,20:00:00,15,distance_based,False,False,active,,2026-08-03T02:53:43Z,2026-09-08T11:06:33Z,OP019,False,OP019,False,10.754,2.329,10.35,False,pending_release,False,True
R2307657,Lubhu - Lagankhel,,bus,public,Lubhu Bus Sewa Samiti,S0360,S0112,11,5.62,33.0,06:00:00,20:00:00,15,distance_based,False,False,active,,2026-08-03T02:53:43Z,2026-09-08T11:06:33Z,OP029,False,OP029,False,5.31,1.186,5.62,False,pending_release,False,True
R2909799,Kamalbinayak-Ratnapark,7,bus,public,Bhaktapur Minibus Samiti,S0025,S0005,31,18.3,99.0,06:00:00,20:00:00,15,distance_based,False,False,active,,2026-08-03T02:53:43Z,2026-09-08T11:06:33Z,OP003,False,OP003,False,33.817,3.321,14.74,True,active,False,True
R2975649,Purano Buspark - Chabahil,1,bus,public,Nepal Yatayat,S0198,S0044,27,14.19,80.0,06:00:00,20:00:00,15,distance_based,False,False,active,,2026-08-03T02:53:43Z,2026-09-08T11:06:33Z,OP007,False,OP007,False,17.232,2.681,11.3,True,active,False,True
R2988809,Purano Bus Park - Sakhu,4,bus,public,Panchpokhari Yatayat,S0198,S0146,28,24.09,112.0,06:00:00,20:00:00,15,distance_based,False,False,active,,2026-08-03T02:53:43Z,2026-09-08T11:06:33Z,OP017,False,OP017,False,25.839,3.413,19.84,False,active,False,True
R2988810,Purano Bus Park- Budhanilkantha,5,bus,public,Dhumrabaraha Yatayat,S0198,S0176,21,10.68,64.0,06:00:00,20:00:00,15,distance_based,False,False,active,,2026-08-03T02:53:43Z,2026-09-08T11:06:33Z,OP012,False,OP012,False,10.734,2.856,10.68,False,pending_release,False,True
R2988835,Ratna Park - Thankot,20,microbus,public,Chandragiri Yatayat,S0076,S0119,11,10.79,55.0,06:00:00,20:00:00,15,distance_based,False,False,active,,2026-08-03T02:53:43Z,2026-09-08T11:06:33Z,OP004,False,OP004,False,11.151,2.386,10.79,False,pending_release,False,True
R2988836,Thankot - Ratna Park,20,microbus,public,Chandragiri Yatayat,S0010,S0013,11,13.43,66.0,06:00:00,20:00:00,15,distance_based,False,False,active,,2026-08-03T02:53:43Z,2026-09-08T11:06:33Z,OP004,False,OP004,False,13.27,2.884,13.43,False,pending_release,False,True
R2988890,Bagbazaar-Kamalbinayak,7,bus,public,Bhaktapur Minibus Samiti,S0031,S0025,32,18.62,100.0,06:00:00,20:00:00,15,distance_based,False,False,active,,2026-08-03T02:53:43Z,2026-09-08T11:06:33Z,OP003,False,OP003,False,26.103,3.995,14.59,True,active,False,True
R2988891,Panauti - Ratnapark,11,bus,public,Araniko Yatayat,S0198,S0208,36,36.82,162.0,06:00:00,20:00:00,15,distance_based,False,False,active,,2026-08-03T02:53:43Z,2026-09-08T11:06:33Z,OP024,False,OP024,False,43.86,4.893,28.83,True,active,False,True
R2988893,Bagbazar-Changu,,bus,public,Bhaktapur Minibus Samiti,S0031,S0224,31,23.18,115.0,06:00:00,20:00:00,15,distance_based,False,False,active,,2026-08-03T02:53:43Z,2026-09-08T11:06:33Z,OP003,False,OP003,False,33.749,4.489,18.55,True,active,False,True
R2988930,Kamal Binayak-Nagarkot,,bus,public,Bhaktapur Minibus Samiti,S0025,S0039,2,9.29,39.0,06:00:00,20:00:00,15,distance_based,False,False,active, the specific committee name and intermediate stops proposed elsewhere are unconfirmed and were not added. Field verification needed.,2026-08-03T02:53:43Z,2026-09-08T11:06:33Z,OP003,False,OP003,False,9.292,9.292,9.29,False,pending_release,False,True
R2988983,Chyamasingh to Ratnapark,,bus,public,Madhya Upatyaka Bus Samiti,S0145,S0031,35,20.46,109.0,06:00:00,20:00:00,15,distance_based,False,False,active,,2026-08-03T02:53:43Z,2026-09-08T11:06:33Z,OP005,False,OP005,False,55.178,3.91,15.81,True,active,False,True
R2988993,Ratnapark - Dhulikhel,12,bus,public,Mayur Yatayat,S0198,S0183,37,34.94,157.0,06:00:00,20:00:00,15,distance_based,False,False,active,,2026-08-03T02:53:43Z,2026-09-08T11:06:33Z,OP006,False,OP006,False,42.222,4.893,27.19,True,active,False,True
R2989012,Ratna Park - Daksinkali,22,bus,public,Dakshinkali Yatayat,S0198,S0173,13,13.3,67.0,06:00:00,20:00:00,15,distance_based,False,False,active,,2026-08-03T02:53:43Z,2026-09-08T11:06:33Z,OP025,False,OP025,False,13.325,6.874,13.3,False,pending_release,False,True
R2989021,Lagankhel-Chapagaun,,bus,public,Lagankhel Chapagaun Bus Sewa,S0219,S0060,7,10.87,43.0,06:00:00,20:00:00,15,distance_based,False,False,active," [2026-07-30 cleanup] name/from_terminus/to_terminus backfilled from this route's own already-linked route_stops sequence (first stop -> last stop) -- the original OSM export had these fields blank. Not researched externally, just derived from data already in this dataset.",2026-08-03T02:53:43Z,2026-09-08T11:06:33Z,OP028,False,OP028,False,7.861,4.856,8.97,False,pending_release,False,True
R2989036,Purano Bus Park - jorpati,2,bus,public,Gokarneshwor Yatayat,S0198,S0135,24,13.89,75.0,06:00:00,20:00:00,15,distance_based,False,False,active,,2026-08-03T02:53:43Z,2026-09-08T11:06:33Z,OP002,False,OP002,False,17.008,2.681,11.06,True,active,False,True
R2989074,Sakhu - Purano Bus Park,4,bus,public,Panchpokhari Yatayat,S0146,S0198,16,15.97,78.0,06:00:00,20:00:00,15,distance_based,False,False,active,,2026-08-03T02:53:43Z,2026-09-08T11:06:33Z,OP017,False,OP017,False,16.047,3.413,15.89,False,pending_release,False,True
R2989075,Jorpati - Purano Bus Park,4,bus,public,Gokarneshwor Yatayat,S0135,S0198,12,8.63,41.0,06:00:00,20:00:00,15,distance_based,False,False,active,,2026-08-03T02:53:43Z,2026-09-08T11:06:33Z,OP002,False,OP002,False,7.217,1.079,7.1,False,pending_release,False,True
R3020174,Purano Buspark-Gothatar,,bus,public,Juneli Yatayat,S0198,S0159,17,13.77,64.0,06:00:00,20:00:00,15,distance_based,False,False,active,,2026-08-03T02:53:43Z,2026-09-08T11:06:33Z,OP015,False,OP015,False,16.282,3.501,11.15,True,active,True,True
R3020244,Attrekhle-Purano Buspark,,bus,public,Juneli Yatayat,S0198,S0125,26,15.87,84.0,06:00:00,20:00:00,15,distance_based,False,False,active,,2026-08-03T02:53:43Z,2026-09-08T11:06:33Z,OP015,False,OP015,False,20.794,2.797,12.77,True,active,False,True
R3068536,Kalanki- Lagankhel,,bus,public,Bagmati Yatayat,S0130,S0219,9,8.2,35.0,06:00:00,20:00:00,15,distance_based,False,False,active,,2026-08-03T02:53:43Z,2026-09-08T11:06:33Z,OP014,True,OP014,False,9.681,1.908,6.54,True,active,False,True
R3070257,kalanki-Balkumari,,bus,public,Digo Yatayat,S0130,S0024,18,12.02,59.0,06:00:00,20:00:00,15,distance_based,False,False,active,,2026-08-03T02:53:43Z,2026-09-08T11:06:33Z,OP011,False,OP011,False,14.706,1.531,8.82,True,active,True,True
R3070262,Kalanki-Pepsacola,,bus,public,Riddhi Siddhi Yatayat,S0130,S0159,18,13.34,66.0,06:00:00,20:00:00,15,distance_based,False,False,active,,2026-08-03T02:53:43Z,2026-09-08T11:06:33Z,OP018,False,OP018,False,17.04,1.828,10.14,True,pending_release,False,True
R3070344,Kausaltar-Naikap,40,bus,public,Chandragiri Yatayat,S0054,S0203,20,15.4,75.0,06:00:00,20:00:00,15,distance_based,False,False,active,,2026-08-03T02:53:43Z,2026-09-08T11:06:33Z,OP004,False,OP004,False,16.99,2.386,11.68,False,active,False,True
R3071402,Gokarna-Chabahil-Naya_Bus_Park-Balaju-kalanki,,bus,public,Gokarneshwor Yatayat,S0140,S0130,23,17.26,93.0,06:00:00,20:00:00,15,distance_based,False,False,active,,2026-08-03T02:53:43Z,2026-09-08T11:06:33Z,OP002,False,OP002,False,17.742,2.167,17.26,False,pending_release,False,True
R3071562,"Naya Baneshwor, Koteshwor, Satdobato, Lagankhel, Jaulakhel, Kupandol, Naya Baneshwor",,tempo,public,Mahanagar Yatayat,S0069,S0062,29,14.72,81.0,06:00:00,20:00:00,15,distance_based,False,False,active,,2026-08-03T02:53:43Z,2026-09-08T11:06:33Z,OP016,False,OP016,False,24.059,2.867,11.44,True,active,False,True
R3074202,kapan-Chabahil-Mitidevi-Ratnapark,,microbus,public,Nepal Yatayat,S0002,S0013,12,7.49,38.0,06:00:00,20:00:00,15,distance_based,False,False,active,,2026-08-03T02:53:43Z,2026-09-08T11:06:33Z,OP007,False,OP007,False,6.393,0.826,6.12,False,pending_release,False,True
R3101629,Lagankhel-Satdobato-Khumaltar-Dhapakhel,,microbus,public,Lalitpur Microbus Sewa Samiti,S0219,S0032,10,6.37,31.0,06:00:00,20:00:00,15,distance_based,False,False,active,,2026-08-03T02:53:43Z,2026-09-08T11:06:33Z,OP009,False,OP009,False,3.618,0.67,5.13,False,pending_release,False,True
R3102120,Lagankhel-Lamatar,,bus,public,Bagmati Yatayat,S0112,S0200,5,8.59,39.0,06:00:00,20:00:00,15,distance_based,False,False,active," [2026-07-30 cleanup] name/from_terminus/to_terminus backfilled from this route's own already-linked route_stops sequence (first stop -> last stop) -- the original OSM export had these fields blank. Not researched externally, just derived from data already in this dataset.",2026-08-03T02:53:43Z,2026-09-08T11:06:33Z,OP014,False,OP014,False,8.789,4.842,8.59,False,pending_release,False,True
R3102319,Lagankhel-Tika Bhairab,,bus,public,Bagmati Yatayat,S0112,S0269,7,12.49,58.0,06:00:00,20:00:00,15,distance_based,False,False,active," [2026-07-30 cleanup] name/from_terminus/to_terminus backfilled from this route's own already-linked route_stops sequence (first stop -> last stop) -- the original OSM export had these fields blank. Not researched externally, just derived from data already in this dataset.",2026-08-03T02:53:43Z,2026-09-08T11:06:33Z,OP014,False,OP014,False,12.822,6.185,12.49,False,pending_release,False,True
R3102605,Ring Road Loop (Chakrapath Parikrama),,bus,public,Mahanagar Yatayat,S0211,S0130,36,25.38,140.0,06:00:00,20:00:00,15,distance_based,False,False,active,,2026-08-03T02:53:43Z,2026-09-08T11:06:33Z,OP016,False,OP016,False,33.774,2.985,25.38,True,active,False,False
R2295974,Purano Bus Park-Nakhipot,14,microbus,public,Local Microbus,S0198,S0269,22,16.49,90.0,06:00:00,20:00:00,15,distance_based,False,False,active,"PROMOTED 2026-07-30: confirmed still live in OSM via direct-ID Overpass query (tags: name='Purano Bus Park-Nakhipot', ref=14, route=micro -- exact match to this row). Note: this route was one of the original 4 flagged in the README as checked twice via bounding-box Overpass and not found -- it has now turned up on a direct-ID query, so that prior 'not found' conclusion was a bounding-box/query artifact for this one, not a real absence. Prior desk research: no independent source found (kept for history).",2026-08-03T02:53:43Z,2026-09-08T11:06:33Z,OP030,False,,False,16.775,4.856,16.49,False,active,False,True
R2301161,MAV School-Purano Buspark,14,microbus,public,Local Microbus,S0101,S0198,25,10.1,59.0,06:00:00,20:00:00,15,distance_based,False,False,active,"PROMOTED 2026-07-30: confirmed still live in OSM via direct-ID Overpass query (tags match this row exactly: name='MAV School-Purano Buspark', ref=14, route=micro). Prior desk research resolved 'MAV School' as Matrusri Anglo Vedic School (mavschool.org), a real school -- kept for history.",2026-08-03T02:53:43Z,2026-09-08T11:06:33Z,OP030,False,,False,11.573,0.994,7.89,True,pending_release,False,True
R3072924,Matathirtha-Naikap-Thapathali-KrishnaPauroti-Ratopul-Chabahil-kapan,,bus,public,Om Janata Yatayat,S0232,S0002,23,16.07,90.0,06:00:00,20:00:00,15,distance_based,False,False,active, Chandragiri Yatayat covers the Ratnapark/Teku<->Thankot-Matatirtha segment. Riders transfer between the two.,2026-08-03T02:53:43Z,2026-09-08T11:06:33Z,OP023,False,OP023,False,19.247,2.386,16.07,True,pending_release,False,True
R-SAJHA-01,Lagankhel-Gongabu Buspark,,bus,public,Sajha Yatayat,S0112,S0252,21,16.27,86.0,06:00:00,20:00:00,15,distance_based,False,False,active,"Sourced directly from sajhayatayat.com.np/short-routes/ (fetched 2026-07-30), the operator's own current published route. 19 named stops total; see sajha_routes_full_stop_sequence.csv for which have linked coordinates.",2026-08-03T02:53:43Z,2026-09-08T11:06:33Z,OP008,False,OP008,False,17.029,2.473,16.27,False,active,False,True
R-SAJHA-02,Lagankhel-Budhanilkantha,,bus,public,Sajha Yatayat,S0112,S0096,26,25.36,127.0,06:00:00,20:00:00,15,distance_based,False,False,active,"Sourced directly from sajhayatayat.com.np/short-routes/ (fetched 2026-07-30), the operator's own current published route. 23 named stops total; see sajha_routes_full_stop_sequence.csv for which have linked coordinates.",2026-08-03T02:53:43Z,2026-09-08T11:06:33Z,OP008,False,OP008,False,18.314,2.473,25.36,False,active,False,True
R-SAJHA-03,Godawari-Ratnapark,,bus,public,Sajha Yatayat,S0239,S0013,17,15.47,79.0,06:00:00,20:00:00,15,distance_based,False,False,active,"Sourced directly from sajhayatayat.com.np/short-routes/ (fetched 2026-07-30), the operator's own current published route. 17 named stops total; see sajha_routes_full_stop_sequence.csv for which have linked coordinates.",2026-08-03T02:53:43Z,2026-09-08T11:06:33Z,OP008,False,OP008,False,14.912,2.757,15.47,False,active,False,True
R-SAJHA-04,Lamatar-Ratnapark,,bus,public,Sajha Yatayat,S0200,S0013,22,20.62,106.0,06:00:00,20:00:00,15,distance_based,False,False,active,"Sourced directly from sajhayatayat.com.np/short-routes/ (fetched 2026-07-30), the operator's own current published route. 22 named stops total; see sajha_routes_full_stop_sequence.csv for which have linked coordinates.",2026-08-03T02:53:43Z,2026-09-08T11:06:33Z,OP008,False,OP008,False,17.307,2.037,20.62,False,active,False,True
R-SAJHA-05,Thankot-Tribhuvan International Airport,,bus,public,Sajha Yatayat,S0010,S0240,21,25.03,121.0,06:00:00,20:00:00,15,distance_based,False,False,active,"Sourced directly from sajhayatayat.com.np/short-routes/ (fetched 2026-07-30), the operator's own current published route. 22 named stops total; see sajha_routes_full_stop_sequence.csv for which have linked coordinates.",2026-08-03T02:53:43Z,2026-09-08T11:06:33Z,OP008,False,OP008,False,24.143,4.347,25.03,False,active,False,True
R-SAJHA-06,Thankot-Budhanilkantha,,bus,public,Sajha Yatayat,S0010,S0096,20,36.83,168.0,06:00:00,20:00:00,15,distance_based,False,False,active,"Sourced directly from sajhayatayat.com.np/short-routes/ (fetched 2026-07-30), the operator's own current published route. 21 named stops total; see sajha_routes_full_stop_sequence.csv for which have linked coordinates.",2026-08-03T02:53:43Z,2026-09-08T11:06:33Z,OP008,False,OP008,False,23.709,4.347,36.83,False,active,False,True
R-SAJHA-07,Lele-Jamal,,bus,public,Sajha Yatayat,S0243,S0152,18,19.69,97.0,06:00:00,20:00:00,15,distance_based,False,False,active,"Sourced directly from sajhayatayat.com.np/short-routes/ (fetched 2026-07-30), the operator's own current published route. 18 named stops total; see sajha_routes_full_stop_sequence.csv for which have linked coordinates.",2026-08-03T02:53:43Z,2026-09-08T11:06:33Z,OP008,False,OP008,False,19.229,2.81,19.69,False,active,False,True
R-SAJHA-08,Bungamati-Jamal,,bus,public,Sajha Yatayat,S0242,S0152,13,12.28,62.0,06:00:00,20:00:00,15,distance_based,False,False,active,"Sourced directly from sajhayatayat.com.np/short-routes/ (fetched 2026-07-30), the operator's own current published route. 13 named stops total; see sajha_routes_full_stop_sequence.csv for which have linked coordinates.",2026-08-03T02:53:43Z,2026-09-08T11:06:33Z,OP008,False,OP008,False,11.843,2.577,12.28,False,active,False,True
R2294152,Ratna Park-Lagankhel,14,microbus,public,Bagmati Yatayat,S0013,S0223,20,5.92,46.0,06:00:00,20:00:00,15,distance_based,False,False,active,,2026-08-03T02:53:43Z,2026-09-08T11:06:33Z,OP014,False,OP014,False,6.08,0.615,5.92,False,active,False,True
R2302674,Naikap-Koteshwor,,bus,public,Digo Yatayat,S0291,S0017,26,15.82,81.0,06:00:00,20:00:00,15,distance_based,False,False,active,,2026-08-03T02:53:43Z,2026-09-08T11:06:33Z,OP011,False,OP011,False,22.978,2.666,12.31,True,active,False,True
R2988806,Ratnapark-Dadhikot,9,bus,public,Bhaktapur Minibus Samiti,S0013,S0110,31,19.03,100.0,06:00:00,20:00:00,15,distance_based,False,False,active,,2026-08-03T02:53:43Z,2026-09-08T11:06:33Z,OP003,False,OP003,False,31.015,6.181,15.11,True,active,False,True
R3014451,Bhaktapur - to - Bagbazar Stop,7,bus,public,Bhaktapur Minibus Samiti,S0161,S0278,36,32.69,150.0,06:00:00,20:00:00,15,distance_based,False,False,active,,2026-08-03T02:53:43Z,2026-09-08T11:06:33Z,OP003,False,OP003,False,48.706,3.321,27.07,True,active,False,True
R3283810,Ratna Park - Naikap,,microbus,public,Chandragiri Yatayat,S0013,S0346,11,10.18,60.0,06:00:00,20:00:00,15,distance_based,False,False,active,Added to complete corridor coverage (Ratna Park → Kalanki → Naikap),2026-08-03T02:53:43Z,2026-09-08T11:06:33Z,OP004,False,OP004,False,9.83,1.972,10.18,False,active,False,True
R3214592,Koteshwor - Kalanki (via New Baneshwor),,microbus,public,Digo Yatayat,S0107,S0130,13,9.4,55.0,06:00:00,20:00:00,15,distance_based,False,False,active,Added to complete corridor coverage (Koteshwor → Tinkune → New Baneshwor → Maitighar → Tripureshwor → Kalimati → Kalanki),2026-08-03T02:53:43Z,2026-09-08T11:06:33Z,OP011,False,OP011,False,11.442,1.999,9.4,True,active,False,True
R3203278,Airport - Ratna Park,,microbus,public,Nepal Yatayat,S0139,S0013,12,9.82,58.0,06:00:00,20:00:00,15,distance_based,False,False,active,Added to complete corridor coverage (Airport → Sinamangal → Gaushala → Kamalpokhari → Ratna Park),2026-08-03T02:53:43Z,2026-09-08T11:06:33Z,OP007,False,OP007,False,5.105,0.754,9.82,False,active,False,True
R3297196,New Bus Park - Ratna Park,,microbus,public,Samakhusi Yatayat,S0174,S0013,8,6.24,37.0,06:00:00,20:00:00,15,distance_based,False,False,active,Added to complete corridor coverage (New Bus Park → Balaju → Lainchaur → Ratna Park),2026-08-03T02:53:43Z,2026-09-08T11:06:33Z,OP021,False,OP021,False,3.823,1.037,6.24,False,active,False,True
R3236048,Koteshwor - New Bus Park,,microbus,public,Digo Yatayat,S0107,S0174,15,16.31,97.0,06:00:00,20:00:00,15,distance_based,False,False,active,Added to complete corridor coverage (Koteshwor → Airport → Gaushala → Lainchaur → Balaju → New Bus Park),2026-08-03T02:53:43Z,2026-09-08T11:06:33Z,OP011,False,OP011,False,9.827,1.329,16.31,False,active,False,True
R3232098,Narayangopal Chowk - Satdobato,,bus,public,Mahanagar Yatayat,S0044,S0011,17,12.24,73.0,06:00:00,20:00:00,15,distance_based,False,False,active,Added to complete corridor coverage (Narayangopal Chowk → Maharajgunj → Lazimpat → Lainchaur → CBD (New Road) → Tripureshwor → Kupondole → Pulchowk → Jawalakhel → Lagankhel → Satdobato),2026-08-03T02:53:43Z,2026-09-08T11:06:33Z,OP016,False,OP016,False,10.756,1.419,12.24,False,active,False,True
R3229256,Jorpati - Naikap,,bus,public,Chandragiri Yatayat,S0135,S0291,17,16.31,96.0,06:00:00,20:00:00,15,distance_based,False,False,active,Added to complete corridor coverage (Jorpati → Bouddha → Chabahil → Gaushala → Kamalpokhari → Hattisar → Ratna Park → Kalimati → Kalanki → Naikap),2026-08-03T02:53:43Z,2026-09-08T11:06:33Z,OP004,False,OP004,False,13.847,2.146,16.31,False,active,False,True
R3218289,Jorpati - Ekantakuna,,microbus,public,Gokarneshwor Yatayat,S0135,S0214,14,14.87,88.0,06:00:00,20:00:00,15,distance_based,False,False,active,Added to complete corridor coverage (Jorpati → Bouddha → Chabahil → Gaushala → Maitighar → Kupondole → Jawalakhel → Ekantakuna),2026-08-03T02:53:43Z,2026-09-08T11:06:33Z,OP002,False,OP002,False,13.266,1.805,14.87,False,active,False,True
R3296530,Koteshwor - Kalanki (via Satdobato),,bus,public,Mahanagar Yatayat,S0107,S0130,11,15.27,90.0,06:00:00,20:00:00,15,distance_based,False,False,active,Added to complete corridor coverage (Koteshwor → Balkumari → Gwarko → Satdobato → Kalanki),2026-08-03T02:53:43Z,2026-09-08T11:06:33Z,OP016,False,OP016,False,9.684,1.66,15.27,False,active,False,True
R3213434,Kalanki - Koteshwor,,bus,public,Mahanagar Yatayat,S0130,S0107,21,23.99,142.0,06:00:00,20:00:00,15,distance_based,False,False,active,Added to complete corridor coverage (Kalanki → Balaju → Gongabu → Chabahil → Koteshwor),2026-08-03T02:53:43Z,2026-09-08T11:06:33Z,OP016,False,OP016,False,16.702,2.167,23.99,False,active,False,True
R3288696,Lagankhel - Ratna Park,,microbus,public,Lalitpur Microbus Sewa Samiti,S0112,S0013,8,5.95,35.0,06:00:00,20:00:00,15,distance_based,False,False,active,Added to complete corridor coverage (Lagankhel → Pulchowk → Kupondole → Tripureshwor → Ratna Park),2026-08-03T02:53:43Z,2026-09-08T11:06:33Z,OP009,False,OP009,False,5.419,1.419,5.95,False,active,False,True
R3297080,Lagankhel - Balkhu,,microbus,public,Samyukta Yatayat,S0194,S0230,7,6.29,37.0,06:00:00,20:00:00,15,distance_based,False,False,active,Added to complete corridor coverage (Lagankhel → Ekantakuna → Balkhu),2026-08-03T02:53:43Z,2026-09-08T11:06:33Z,OP020,False,OP020,False,5.196,1.419,6.29,False,active,False,True
R3271482,Lagankhel - Koteshwor,,microbus,public,Lalitpur Microbus Sewa Samiti,S0112,S0107,12,8.32,49.0,06:00:00,20:00:00,15,distance_based,False,False,active,Added to complete corridor coverage (Lagankhel → Jawalakhel → Kupondole → Maitighar → New Baneshwor → Koteshwor),2026-08-03T02:53:43Z,2026-09-08T11:06:33Z,OP009,False,OP009,False,8.361,1.477,8.32,False,active,False,True
R3211395,Bhaktapur - Ratna Park,,bus,public,Bhaktapur Minibus Samiti,S0161,S0013,14,16.77,99.0,06:00:00,20:00:00,15,distance_based,False,False,active,Added to complete corridor coverage (Bhaktapur → Koteshwor → Ratna Park),2026-08-03T02:53:43Z,2026-09-08T11:06:33Z,OP003,False,OP003,False,14.641,3.578,16.77,False,active,False,True
R3277397,Bhaktapur - Gongabu,,bus,public,Bhaktapur Minibus Samiti,S0089,S0174,15,22.41,132.0,06:00:00,20:00:00,15,distance_based,False,False,active,Added to complete corridor coverage (Bhaktapur → Chabahil → Gongabu),2026-08-03T02:53:43Z,2026-09-08T11:06:33Z,OP003,False,OP003,False,18.669,4.917,22.41,False,active,False,True
R3255302,Suryabinayak - Kirtipur,,bus,public,Kirtipur Yatayat,S0089,S0221,13,21.47,127.0,06:00:00,20:00:00,15,distance_based,False,False,active,Added to complete corridor coverage (Suryabinayak → Kirtipur),2026-08-03T02:53:43Z,2026-09-08T11:06:33Z,OP026,False,OP026,False,17.44,4.015,21.47,False,active,False,True
R3204165,Thimi - Ratna Park,,microbus,public,Madhyapur Thimi Yatayat,S0110,S0013,12,14.65,86.0,06:00:00,20:00:00,15,distance_based,False,False,active,Added to complete corridor coverage (Thimi → New Baneshwor → Ratna Park),2026-08-03T02:53:43Z,2026-09-08T11:06:33Z,OP027,False,OP027,False,22.059,3.727,14.65,True,active,False,True
R3342445,Baluwatar - Naxal - Putalisadak Loop,,microbus,public,Nepal Yatayat,S0337,S0013,8,5.95,35.0,06:00:00,20:00:00,15,distance_based,False,False,active,Added to complete central Kathmandu core coverage,2026-08-03T02:53:43Z,2026-09-08T11:06:33Z,OP007,False,OP007,False,4.446,0.981,5.95,False,active,False,False
R3319772,Thamel - Sorhakhutte Feeder,,microbus,public,Samyukta Yatayat,S0079,S0013,8,3.64,21.0,06:00:00,20:00:00,15,distance_based,False,False,active,Added to complete central Kathmandu core coverage,2026-08-03T02:53:43Z,2026-09-08T11:06:33Z,OP020,False,OP020,False,3.926,0.861,3.64,False,active,False,True
R3351750,Narayantar - Jorpati Central Line,,bus,public,Gokarneshwor Yatayat,S0344,S0013,9,8.03,47.0,06:00:00,20:00:00,15,distance_based,False,False,active,Added to complete central Kathmandu core coverage,2026-08-03T02:53:43Z,2026-09-08T11:06:33Z,OP002,False,OP002,False,7.459,1.852,8.03,False,active,False,True
R-NY-03,Pepsicola-Pepsicola (loop),NY-03,bus,public,Nepal Yatayat,S0372,S0372,20,,,06:00:00,20:00:00,,distance_based,False,False,active,"Manually transcribed Nepal Yatayat route; loop route, revisits several stops on the return leg -- see return_leg_overrides.yaml (verdict: keep). total_stops/distance/duration TBD pending remaining TBD-CHOOSE stops.",2026-09-08T11:06:33Z,2026-09-08T11:06:33Z,OP007,False,OP007,False,24.055,3.659,,False,active,False,False
R-NY-04,Babachowk-Putalisadak,NY-04,bus,public,Nepal Yatayat,S0373,S0196,20,,,06:00:00,20:00:00,,distance_based,False,False,active,Manually transcribed Nepal Yatayat route. total_stops/distance/duration TBD pending remaining TBD-CHOOSE stops.,2026-09-08T11:06:33Z,2026-09-08T11:06:33Z,OP007,False,OP007,False,16.784,3.029,,False,active,False,True
R-NY-05,Harharmahadev-Balkhu,NY-05,bus,public,Nepal Yatayat,S0383,S0230,11,,,06:00:00,20:00:00,,distance_based,False,False,active,Manually transcribed Nepal Yatayat route. end_stop_id + total_stops/distance/duration TBD pending Balkhu (S0230 vs S0233) choice.,2026-09-08T11:06:33Z,2026-09-08T11:06:33Z,OP007,False,OP007,False,14.984,5.173,,False,active,False,True
R-NY-06,Gopi Krishna-Balkumari,NY-06,bus,public,Nepal Yatayat,S0134,S0220,13,,,06:00:00,20:00:00,,distance_based,False,False,active,Manually transcribed Nepal Yatayat route. end_stop_id + total_stops/distance/duration TBD pending Balkumari (S0024/S0220/S0324) choice.,2026-09-08T11:06:33Z,2026-09-08T11:06:33Z,OP007,False,OP007,False,13.296,2.319,,False,active,False,True
R-NY-07,Gopi Krishna-Koteshwor,NY-07,bus,public,Nepal Yatayat,S0134,S0017,12,,,06:00:00,20:00:00,,distance_based,False,False,active,Manually transcribed Nepal Yatayat route. total_stops/distance/duration TBD pending remaining TBD-CHOOSE stops.,2026-09-08T11:06:33Z,2026-09-08T11:06:33Z,OP007,False,OP007,False,11.606,4.538,,False,active,False,True
R-GAP-02,Thankot-Dahachok,,microbus,public,Chandragiri Yatayat,S0010,S0388,6,6.08,33.0,06:00:00,19:00:00,30,distance_based,False,False,active,"Suburb-coverage gap fill (2026-08 gap analysis). New hill spur off Thankot. Tribhuwan Park inserted - real intermediate stop between Thankot and Thankot Checkpost per R-SAJHA-05/06. New-stop coordinates are geographic estimates for the still-unbuilt suburb stops, not surveyed - verify before activating.",2026-08-22T12:02:41Z,2026-09-08T11:06:33Z,OP004,False,OP004,False,6.009,2.349,6.08,False,new,False,True
R-GAP-03,Kalanki-Balambu,,microbus,public,Chandragiri Yatayat,S0130,S0390,7,4.09,25.0,06:00:00,19:00:00,30,distance_based,False,False,active,"Suburb-coverage gap fill (2026-08 gap analysis). Very short gap - Balambu sits almost on the existing Dui Adda stop. No intermediate stops exist in the dataset for this pair. New-stop coordinates are geographic estimates for the still-unbuilt suburb stops, not surveyed - verify before activating.",2026-08-22T12:02:41Z,2026-09-08T11:06:33Z,OP004,False,OP004,False,4.371,0.939,4.09,False,new,False,True
R-GAP-04,Kalanki-Machhegaun,,microbus,public,Chandragiri Yatayat,S0130,S0392,6,7.57,41.0,06:00:00,19:00:00,30,distance_based,False,False,active,"Suburb-coverage gap fill (2026-08 gap analysis). Reuses existing Panga Dobato stop instead of creating a duplicate 'Panga' stop. No intermediate stops exist in the dataset for these legs. New-stop coordinates are geographic estimates for the still-unbuilt suburb stops, not surveyed - verify before activating.",2026-08-22T12:02:41Z,2026-09-08T11:06:33Z,OP004,False,OP004,False,7.622,2.867,7.57,False,new,False,True
R-GAP-05,Ratna Park-Pharping,,microbus,public,Dakshinkali Yatayat,S0013,S0395,18,17.32,94.0,06:00:00,19:00:00,30,distance_based,False,False,active,"Suburb-coverage gap fill (2026-08 gap analysis). Starts at Ratna Park per request. Purano Bus Park inserted (Ratna Park->Tourism Board Stop always routes via Purano Bus Park in 7 existing routes). Tek (Teku) inserted between Tripureshwor and Kalimati (confirmed real intermediate in 6 existing routes). Rest follows the real Purano Bus Park-Daksinkali route (R2989012) sequence, extended past Dakshinkali. New-stop coordinates are geographic estimates for the still-unbuilt suburb stops, not surveyed - verify before activating.",2026-08-22T12:02:41Z,2026-09-08T11:06:33Z,OP025,False,OP025,False,16.986,6.874,17.32,False,new,False,True
R-GAP-06,Balaju-Nagarjun,,microbus,public,Balaju Microbus and Tempo Samiti,S0113,S0398,7,7.54,41.0,06:00:00,19:00:00,30,distance_based,False,False,active,"Suburb-coverage gap fill (2026-08 gap analysis). Dhungedhara inserted between Banasthali and Thulo Bharang Stop - real intermediate confirmed in 3 existing routes (R2301263, R3071402, R3102605). New-stop coordinates are geographic estimates for the still-unbuilt suburb stops, not surveyed - verify before activating.",2026-08-22T12:02:41Z,2026-09-08T11:06:33Z,OP010,False,OP010,False,7.859,2.532,7.54,False,new,False,True
R-GAP-07,Kalanki-Ichangu Narayan,,microbus,public,Balaju Microbus and Tempo Samiti,S0130,S0400,7,6.94,38.0,06:00:00,19:00:00,30,distance_based,False,False,active,"Suburb-coverage gap fill (2026-08 gap analysis). Bafal and Sitapaila Stop inserted between Kalanki and Swayambhu Parikarma - real intermediate sequence per R-SAJHA-06. New-stop coordinates are geographic estimates for the still-unbuilt suburb stops, not surveyed - verify before activating.",2026-08-22T12:02:41Z,2026-09-08T11:06:33Z,OP010,False,OP010,False,6.798,1.993,6.94,False,new,False,True
R-GAP-08,Balaju-Manamaiju,,microbus,public,Balaju Microbus and Tempo Samiti,S0113,S0402,6,3.39,19.0,06:00:00,19:00:00,30,distance_based,False,False,active,"Suburb-coverage gap fill (2026-08 gap analysis). Already matched the real Banasthali->Dhungedhara->Thulo Bharang Stop sequence - no change needed. New-stop coordinates are geographic estimates for the still-unbuilt suburb stops, not surveyed - verify before activating.",2026-08-22T12:02:41Z,2026-09-08T11:06:33Z,OP010,False,OP010,False,3.716,1.384,3.39,False,new,False,True
R-GAP-09,Kalanki-Halchowk,,microbus,public,Balaju Microbus and Tempo Samiti,S0130,S0403,6,4.8,26.0,06:00:00,19:00:00,30,distance_based,False,False,active,"Suburb-coverage gap fill (2026-08 gap analysis). Bafal and Sitapaila Stop inserted between Kalanki and Swayambhu Parikarma, same real sequence as the Ichangu Narayan route. New-stop coordinates are geographic estimates for the still-unbuilt suburb stops, not surveyed - verify before activating.",2026-08-22T12:02:41Z,2026-09-08T11:06:33Z,OP010,False,OP010,False,4.67,1.291,4.8,False,new,False,True
R-GAP-10,Kalanki-Dallu,,microbus,public,Balaju Microbus and Tempo Samiti,S0130,S0405,6,4.18,23.0,06:00:00,19:00:00,30,distance_based,False,False,active,"Suburb-coverage gap fill (2026-08 gap analysis). Ravi Bhavan and Soalteemode West inserted between Kalanki and Kalimati - real intermediate sequence confirmed in R-SAJHA-05 and 3 other existing routes. New-stop coordinates are geographic estimates for the still-unbuilt suburb stops, not surveyed - verify before activating.",2026-08-22T12:02:41Z,2026-09-08T11:06:33Z,OP010,False,OP010,False,3.307,1.284,4.18,False,new,False,True
R-GAP-12,Balaju-Tarkeshwor,,microbus,public,Balaju Microbus and Tempo Samiti,S0113,S0410,7,12.46,68.0,06:00:00,19:00:00,30,distance_based,False,False,active,"Suburb-coverage gap fill (2026-08 gap analysis). Naya Bus Park inserted between Balaju and Gongabu Chowk - real intermediate confirmed in 2 existing routes (R3071402, R3102605). New-stop coordinates are geographic estimates for the still-unbuilt suburb stops, not surveyed - verify before activating.",2026-08-22T12:02:41Z,2026-09-08T11:06:33Z,OP010,False,OP010,False,12.611,3.602,12.46,False,new,False,True
R-GAP-13,Narayan Gopal Chowk-Tokha,,microbus,public,Sajha Yatayat,S0044,S0412,7,6.7,37.0,06:00:00,19:00:00,30,distance_based,False,False,active,"Suburb-coverage gap fill (2026-08 gap analysis). Gangalal Hospital and Neuro Hospital Bansbari inserted between Narayan Gopal Chowk and Golfutar stop - this is the exact same Sajha Yatayat corridor (R-SAJHA-06) this route extends, so its real intermediate stops are used directly. New-stop coordinates are geographic estimates for the still-unbuilt suburb stops, not surveyed - verify before activating.",2026-08-22T12:02:41Z,2026-09-08T11:06:33Z,OP008,False,OP008,False,3.094,0.978,6.7,False,new,False,True
R-GAP-14,Basundhara-Narayanthan,,microbus,public,Dhumrabaraha Yatayat,S0065,S0414,4,1.62,9.0,06:00:00,19:00:00,30,distance_based,False,False,active,"Suburb-coverage gap fill (2026-08 gap analysis). No intermediate stops exist in the dataset for these legs. New-stop coordinates are geographic estimates for the still-unbuilt suburb stops, not surveyed - verify before activating.",2026-08-22T12:02:41Z,2026-09-08T11:06:33Z,OP012,False,OP012,False,2.777,2.167,1.62,True,new,False,True
R-GAP-15,Maharajgunj-Ranibari,,microbus,public,Dhumrabaraha Yatayat,S0337,S0416,6,0.96,6.0,06:00:00,19:00:00,30,distance_based,False,False,active,"Suburb-coverage gap fill (2026-08 gap analysis). No intermediate stops exist in the dataset for these legs. New-stop coordinates are geographic estimates for the still-unbuilt suburb stops, not surveyed - verify before activating.",2026-08-22T12:02:41Z,2026-09-08T11:06:33Z,OP012,False,OP012,False,2.498,0.945,0.96,True,new,False,True
R-GAP-16,Jorpati-Mulpani,,microbus,public,Gokarneshwor Yatayat,S0135,S0418,5,3.92,22.0,06:00:00,19:00:00,30,distance_based,False,False,active,"Suburb-coverage gap fill (2026-08 gap analysis). No intermediate stops exist in the dataset for these legs. New-stop coordinates are geographic estimates for the still-unbuilt suburb stops, not surveyed - verify before activating.",2026-08-22T12:02:41Z,2026-09-08T11:06:33Z,OP002,False,OP002,False,3.923,1.978,3.92,False,new,False,True
R-GAP-17,Jorpati-Chunikhel,,microbus,public,Gokarneshwor Yatayat,S0135,S0420,6,5.46,31.0,06:00:00,19:00:00,30,distance_based,False,False,active,"Suburb-coverage gap fill (2026-08 gap analysis). No intermediate stops exist in the dataset for these legs. New-stop coordinates are geographic estimates for the still-unbuilt suburb stops, not surveyed - verify before activating.",2026-08-22T12:02:41Z,2026-09-08T11:06:33Z,OP002,False,OP002,False,6.169,2.674,5.46,True,new,False,True
R2282031,Ratna Park - Kirtipur,21,bus;microbus,public,Samyukta Yatayat,S0076,S0041,16,8.31,51.0,06:00:00,20:00:00,15,distance_based,False,False,active,,2026-08-03 02:53:43+00:00,2026-09-08T11:06:33Z,OP020,False,OP020,False,8.312,1.574,8.16,False,active,False,True
R3020212,Dhokashi- Chobar gate- Ratnapark,21.0,bus;microbus,public,Samyukta Yatayat,S0009,S0198,14,7.73,49.0,06:00:00,20:00:00,15,distance_based,False,False,active,,2026-08-03 02:53:43+00:00,2026-09-08T11:06:33Z,OP020,False,OP020,False,7.732,1.531,8.45,False,pending_release,False,True
R3102124,RNAC-Bishalnagar-Chapal_Karkhana-Mandikhatar,,microbus,public,Dhumrabaraha Yatayat;Bishalnagar Micro Bus,S0100,S0072,14,6.45,42.0,06:00:00,20:00:00,15,distance_based,False,False,active,,2026-08-03 02:53:43+00:00,2026-09-08T11:06:33Z,OP012,False,OP012;OP022,True,6.453,1.181,6.73,False,active,False,True
R3020213,Ratna Park - Panga Dobato- Dhokashi,21.0,bus;microbus,public,Samyukta Yatayat,S0198,S0009,15,7.48,48.0,06:00:00,20:00:00,15,distance_based,False,False,active,,2026-08-03 02:53:43+00:00,2026-09-08T11:06:33Z,OP020,False,OP020,False,7.479,1.574,7.72,False,active,False,True
R3020231,Ratna Park - Panga Dobato- Nagaun- Bhatkepati,21.0,bus;microbus,public,Samyukta Yatayat,S0198,S0048,17,9.73,60.0,06:00:00,20:00:00,15,distance_based,False,False,active,,2026-08-03 02:53:43+00:00,2026-09-08T11:06:33Z,OP020,False,OP020,False,9.733,1.574,10.04,False,active,False,True
R3028077,Balaju-Ratnapark,,microbus;tempo,public,Balaju Microbus and Tempo Samiti,S0113,S0013,11,3.01,24.0,06:00:00,20:00:00,15,distance_based,False,False,active,,2026-08-03 02:53:43+00:00,2026-09-08T11:06:33Z,OP010,False,OP010,False,3.014,0.817,3.18,False,pending_release,False,True
R3351752,dhulikhel-ratnapark,,bus,,,S0183,S0198,31,27.57,,,,,,False,False,active,,2026-08-26 09:06:40.486500+00:00,2026-09-08T11:06:33Z,,False,,False,27.573,4.893,,False,,False,True
R3351754,Jamal-Bungamati,,bus,,,S0152,S0242,30,12.98,,,,,,False,False,active,,2026-08-26 10:14:51.010124+00:00,2026-09-08T11:06:33Z,,False,,False,12.983,1.387,,False,,False,True
R3351755,shivpuri park stop - ratna park,,bus,,,S0144,S0198,17,11.47,,,,,,False,False,active,,2026-08-26 10:26:28.835465+00:00,2026-09-08T11:06:33Z,,False,,False,11.473,2.856,,False,,False,True
R3351751,ring road,,bus,,,S_418,S_418,36,26.55,,,,,,False,False,active,,2026-08-25 22:06:52.511126+00:00,2026-09-08T11:06:33Z,,False,,False,26.545,2.226,,False,,False,True
R3351753,bhaisepati-jorpati,,bus,,,S0242,S0135,29,17.79,,,,,,False,False,active,,2026-08-26 09:07:09.344710+00:00,2026-09-08T11:06:33Z,,False,,False,17.787,1.387,,False,,False,True
